"ano","autor","emenda","localidade","função","subfunção","empenhado","liquido","pago"
"2021","RELATOR GERAL","1493","Nacional","Urbanismo","Assistência comunitária",0,0,0
"2021","RELATOR GERAL","1558","Nacional","Urbanismo","Assistência comunitária",0,0,0
"2022","RELATOR GERAL","302","Nacional","Saneamento","Saneamento básico urbano",0,0,0
"2020","RELATOR GERAL","264","Sul","Saneamento","Saneamento básico urbano",0,0,0
"2021","RELATOR GERAL","215","Nacional","Saúde","Assistência hospitalar e ambulatorial",0,0,0
"2021","RELATOR GERAL","1576","Nacional","Urbanismo","Assistência comunitária",0,0,0
"2020","RELATOR GERAL","285","Nacional","Comércio e serviços","Turismo",0,0,0
"2020","RELATOR GERAL","1569","Nacional","Transporte","Planejamento e orçamento",0,0,0
"2020","RELATOR GERAL","226","Nacional","Transporte","Planejamento e orçamento",0,0,0
"2021","RELATOR GERAL","1493","Nacional","Urbanismo","infra-estrutura urbana",0,0,0
"2020","RELATOR GERAL","199","Nacional","Segurança pública","Policiamento",0,0,0
"2020","RELATOR GERAL","1549","Nacional","Agricultura","Promoção da produção agropecuária",1,0,0
"2020","RELATOR GERAL","290","Nacional","Cultura","Difusão cultural",2140.86,2140.86,2140.86
"2022","RELATOR GERAL","307","Nacional","Indústria","Recursos hídricos",3293.75,3293.75,0
"2020","RELATOR GERAL","1494","Nacional","Cultura","Difusão cultural",3934.9,3934.9,3934.9
"2020","RELATOR GERAL","301","Nacional","Cultura","Patrimônio histórico, artístico e arqueológico",33148.51,26154.68,26154.68
"2020","RELATOR GERAL","1616","Nacional","Agricultura","Desenvolvimento tecnológico e engenharia",45756,14616.5,14616.5
"2020","RELATOR GERAL","1581","Nacional","Cultura","Patrimônio histórico, artístico e arqueológico",63046,0,0
"2020","RELATOR GERAL","1582","Nacional","Cultura","Patrimônio histórico, artístico e arqueológico",78808,0,0
"2020","RELATOR GERAL","314","Nacional","Cultura","Difusão cultural",94930.28,94930.28,94930.28
"2020","RELATOR GERAL","303","Nacional","Cultura","Patrimônio histórico, artístico e arqueológico",109915,45153,45153
"2020","RELATOR GERAL","1587","Nacional","Cultura","Difusão cultural",166538,166538,151426.06
"2020","RELATOR GERAL","295","Nacional","Assistência social","Assistência comunitária",177770.45,0,0
"2020","RELATOR GERAL","1574","Nacional","Transporte","Planejamento e orçamento",191571,0,0
"2020","RELATOR GERAL","270","Nacional","Saneamento","Saneamento básico urbano",193019,193019,193019
"2020","RELATOR GERAL","305","Nacional","Cultura","Difusão cultural",230736.49,212958,212958
"2020","RELATOR GERAL","234","Nacional","Transporte","Planejamento e orçamento",245343.67,235343.67,235343.67
"2020","RELATOR GERAL","306","Nacional","Cultura","Patrimônio histórico, artístico e arqueológico",250119,239324.75,224212.81
"2020","RELATOR GERAL","309","Nacional","Cultura","Patrimônio histórico, artístico e arqueológico",251478.78,160986.78,160986.78
"2020","RELATOR GERAL","1585","Nacional","Cultura","Patrimônio histórico, artístico e arqueológico",262463.91,260821.83,238153.92
"2020","RELATOR GERAL","276","Nacional","Saneamento","Saneamento básico urbano",269882,269882,269882
"2020","RELATOR GERAL","1516","Nacional","Saúde","Atenção básica",270000,0,0
"2020","RELATOR GERAL","1564","Nacional","Direitos da cidadania","Direitos individuais, coletivos e difusos",335637,335637,335637
"2020","RELATOR GERAL","205","Nacional","Saúde","Saneamento básico urbano",340078.23,256353.34,256353.34
"2020","RELATOR GERAL","1456","Nacional","Encargos especiais","Outros encargos especiais",408008,408008,408008
"2021","RELATOR GERAL","784","Nacional","Urbanismo","Assistência comunitária",430800,0,0
"2020","RELATOR GERAL","182","Nacional","Agricultura","Administração geral",503350.73,0,0
"2020","RELATOR GERAL","1598","Nacional","Direitos da cidadania","Direitos individuais, coletivos e difusos",530949.8,0,0
"2020","RELATOR GERAL","302","Nacional","Cultura","Difusão cultural",564575.4,396721.78,396721.78
"2020","RELATOR GERAL","1577","Nacional","Gestão ambiental","Recursos hídricos",575361,0,0
"2020","RELATOR GERAL","1438","Nacional","Trabalho","Administração geral",585980.18,398721.88,388369.65
"2020","RELATOR GERAL","1588","Nacional","Cultura","Patrimônio histórico, artístico e arqueológico",597466.06,597466.06,597466.06
"2020","RELATOR GERAL","238","Nacional","Transporte","Transporte rodoviário",6e+05,0,0
"2020","RELATOR GERAL","1566","Nacional","Saúde","Saneamento básico urbano",606179.88,478139.32,478139.32
"2020","RELATOR GERAL","299","Nacional","Assistência social","Assistência comunitária",648000,28783.91,28783.91
"2020","RELATOR GERAL","1526","ALAGOAS","Transporte","Transporte rodoviário",816015,0,0
"2022","RELATOR GERAL","309","Nacional","Gestão ambiental","Preservação e conservação ambiental",831763,107886.95,107886.95
"2020","RELATOR GERAL","189","Nacional","Organização agrária","Ensino profissional",882639,6e+05,0
"2020","RELATOR GERAL","1521","Nacional","Indústria","Propriedade industrial",936474.32,936474.32,936474.32
"2020","RELATOR GERAL","1622","MATO GROSSO","Transporte","Transporte rodoviário",1e+06,4692.6,4692.6
"2020","RELATOR GERAL","1565","Nacional","Saúde","Saneamento básico urbano",1e+06,0,0
"2021","RELATOR GERAL","755","Nacional","Saneamento","Saneamento básico urbano",1e+06,0,0
"2020","RELATOR GERAL","265","Nacional","Saneamento","Saneamento básico urbano",1100900,1100900,1100900
"2020","RELATOR GERAL","251","Centro-Oeste","Saneamento","Saneamento básico urbano",1155158,1155158,1155158
"2020","RELATOR GERAL","261","Nacional","Saneamento","Saneamento básico urbano",1157177,1157177,1157177
"2020","RELATOR GERAL","1551","Nacional","Agricultura","Promoção da produção agropecuária",1314915.4,174255.14,174255.14
"2020","RELATOR GERAL","250","Nacional","Saneamento","Saneamento básico urbano",1358930,1358930,1358930
"2020","RELATOR GERAL","1439","Nacional","Trabalho","Desenvolvimento científico",1382886.51,102697.13,102697.13
"2020","RELATOR GERAL","270","Sul","Saneamento","Saneamento básico urbano",1394616,1394616,1394616
"2020","RELATOR GERAL","248","Nacional","Saneamento","Saneamento básico urbano",1416879,1416879,1416879
"2020","RELATOR GERAL","268","Nacional","Saneamento","Saneamento básico urbano",1466727,1466727,1466727
"2020","RELATOR GERAL","1548","Nacional","Agricultura","Extensão rural",1515526,553597.75,553597.75
"2022","RELATOR GERAL","309","Nacional","Defesa nacional","Defesa terrestre",1522070.69,0,0
"2021","RELATOR GERAL","745","Nacional","Urbanismo","Ordenamento territorial",1778300,0,0
"2020","RELATOR GERAL","1473","AMAPÁ","Transporte","Transporte rodoviário",1791227.97,336951.21,336951.21
"2020","RELATOR GERAL","1592","Nacional","Cultura","Difusão cultural",1806204.53,1504033.49,1503764.32
"2020","RELATOR GERAL","188","Nacional","Organização agrária","Ensino profissional",1869327.78,752211.67,710625.67
"2020","RELATOR GERAL","381","Nacional","Educação","Educação básica",1870000,1870000,1870000
"2020","RELATOR GERAL","252","Nacional","Urbanismo","infra-estrutura urbana",1906757.63,0,0
"2020","RELATOR GERAL","1566","Nacional","Saúde","Saneamento básico rural",2e+06,0,0
"2020","RELATOR GERAL","1628","Nacional","Indústria","Normatização e fiscalização",2e+06,2e+06,2e+06
"2020","RELATOR GERAL","1574","Nacional","Transporte","Transporte rodoviário",2e+06,0,0
"2020","RELATOR GERAL","261","Norte","Saneamento","Saneamento básico urbano",2016105,2016104.16,2016104.16
"2020","RELATOR GERAL","264","Nacional","Saneamento","Saneamento básico urbano",2038470,2038470,2038470
"2020","RELATOR GERAL","1458","Nacional","Ciência e Tecnologia","Desenvolvimento científico",2040037,0,0
"2020","RELATOR GERAL","265","Centro-Oeste","Saneamento","Saneamento básico urbano",2049474,2049474,2049474
"2021","RELATOR GERAL","789","Nacional","Desporto e lazer","Desporto comunitário",2090000,0,0
"2020","RELATOR GERAL","1452","Nacional","Agricultura","Extensão rural",2102594.15,0,0
"2020","RELATOR GERAL","187","Nacional","Organização agrária","Extensão rural",2237341.51,970682.05,690659.9
"2020","RELATOR GERAL","206","Nacional","Saúde","Saneamento básico urbano",2300000,2051225.56,0
"2022","RELATOR GERAL","295","Nacional","Gestão ambiental","Preservação e conservação ambiental",2304000,0,0
"2020","RELATOR GERAL","273","Norte","Saneamento","Saneamento básico urbano",2403109,2403109,2403109
"2020","RELATOR GERAL","267","Nacional","Saneamento","Saneamento básico urbano",2436396,2436396,2436396
"2020","RELATOR GERAL","1455","Nacional","Agricultura","Desenvolvimento tecnológico e engenharia",2448044,618179.37,546910.27
"2022","RELATOR GERAL","315","Nacional","Saúde","Saneamento básico urbano",2480000,0,0
"2020","RELATOR GERAL","312","Nacional","Cultura","Difusão cultural",2555522.77,2554672.77,2554672.77
"2020","RELATOR GERAL","289","Nacional","Cultura","Difusão cultural",2875750.19,2875750.19,2875750.19
"2020","RELATOR GERAL","227","Nacional","Transporte","Administração geral",2943264.13,2501433.22,2385254.92
"2020","RELATOR GERAL","323","Nacional","Direitos da cidadania","Direitos individuais, coletivos e difusos",2999865.25,2991873.43,2915865.25
"2020","RELATOR GERAL","1569","RIO GRANDE DO SUL","Transporte","Transporte rodoviário",3e+06,0,0
"2021","RELATOR GERAL","652","MATÕES DO NORTE","Agricultura","Promoção da produção agropecuária",3e+06,0,0
"2020","RELATOR GERAL","226","Nacional","Transporte","Administração geral",3200000,0,0
"2020","RELATOR GERAL","231","Nacional","Transporte","Planejamento e orçamento",3223243.09,1846091.16,1846091.16
"2020","RELATOR GERAL","1474","PORTO VELHO","Transporte","Transporte rodoviário",3264059,289703.65,281505.29
"2020","RELATOR GERAL","271","Nacional","Saneamento","Saneamento básico urbano",3265743,3265743,3265743
"2020","RELATOR GERAL","1461","Nacional","Indústria","Administração geral",3334018.27,3297386.22,3297386.22
"2020","RELATOR GERAL","208","Nacional","Saúde","Administração geral",3380069.39,1313358.06,1313358.06
"2020","RELATOR GERAL","1625","GOIÁS","Transporte","Transporte rodoviário",3466601,0,0
"2020","RELATOR GERAL","1550","Nacional","Agricultura","Promoção da produção agropecuária",3533591.93,3532309.91,3532309.91
"2020","RELATOR GERAL","277","Nacional","Saneamento","Saneamento básico urbano",3613873,3613873,3613873
"2020","RELATOR GERAL","1553","Nacional","Organização agrária","Ensino profissional",3665619.94,218190,218190
"2020","RELATOR GERAL","1459","Nacional","Ciência e Tecnologia","Desenvolvimento tecnológico e engenharia",3672067,0,0
"2020","RELATOR GERAL","1606","Nacional","Educação","Outros encargos especiais",3891339,3891339,3891339
"2020","RELATOR GERAL","1557","Nacional","Educação","Ensino superior",3940382,1006230.72,817501.57
"2020","RELATOR GERAL","209","Nacional","Saúde","Preservação e conservação ambiental",3982047.3,37783.92,37783.92
"2020","RELATOR GERAL","1523","Nacional","Defesa nacional","Administração geral",3998624.83,99251.98,0
"2020","RELATOR GERAL","1527","PARÁ","Transporte","Transporte rodoviário",4e+06,0,0
"2020","RELATOR GERAL","206","Nacional","Saúde","Saneamento básico rural",4e+06,0,0
"2020","RELATOR GERAL","1565","Nacional","Saúde","Administração geral",4e+06,0,0
"2020","RELATOR GERAL","1477","Nacional","Defesa nacional","Defesa terrestre",4214453.12,1547670.15,1428882.86
"2020","RELATOR GERAL","1584","Nacional","Cultura","Difusão cultural",4245500.67,4097586.57,4097586.57
"2020","RELATOR GERAL","1476","Nacional","Defesa nacional","Defesa terrestre",4249719.67,132679.9,0
"2022","RELATOR GERAL","286","Nacional","Agricultura","Administração geral",4250000,0,0
"2020","RELATOR GERAL","235","Nacional","Transporte","Transporte rodoviário",4288552,2047096.48,2047096.48
"2020","RELATOR GERAL","274","Nacional","Saneamento","Saneamento básico urbano",4340024,4340024,4340024
"2022","RELATOR GERAL","309","Nacional","Segurança pública","Policiamento",4428327,0,0
"2020","RELATOR GERAL","322","Nacional","Direitos da cidadania","Direitos individuais, coletivos e difusos",4450237,0,0
"2020","RELATOR GERAL","1589","Nacional","Cultura","Difusão cultural",4621000,3345000,2379000
"2020","RELATOR GERAL","229","Nacional","Transporte","Administração geral",4647733,1293619.04,1293619.04
"2020","RELATOR GERAL","279","Nacional","Gestão ambiental","Recursos hídricos",4661805,131989.69,131989.69
"2020","RELATOR GERAL","1623","GOIÁS","Transporte","Transporte rodoviário",4693548,25128.25,2374.62
"2020","RELATOR GERAL","389","Nacional","Educação","Ensino profissional",4768462.75,1002298.14,36930.09
"2020","RELATOR GERAL","252","Nacional","Gestão ambiental","Recursos hídricos",4775372.84,0,0
"2020","RELATOR GERAL","278","Nacional","Gestão ambiental","Recursos hídricos",4780753.8,60582.53,60582.53
"2021","RELATOR GERAL","799","Nacional","Urbanismo","Assistência comunitária",4788047.17,0,0
"2021","RELATOR GERAL","671","Nacional","Previdência social","Formação de recursos humanos",4814558.6,0,0
"2021","RELATOR GERAL","673","Nacional","Previdência social","Representação judicial e extrajudicial",4898900,4988128.82,4998150.24
"2020","RELATOR GERAL","180","Nacional","Agricultura","Promoção da produção agropecuária",4954575.62,4937307.27,4932337.38
"2020","RELATOR GERAL","228","Nacional","Transporte","Planejamento e orçamento",5e+06,286772.24,286772.24
"2020","RELATOR GERAL","253","PERNAMBUCO","Agricultura","Irrigação",5e+06,0,0
"2021","RELATOR GERAL","668","Nacional","Ciência e Tecnologia","Desenvolvimento tecnológico e engenharia",5e+06,0,0
"2020","RELATOR GERAL","385","Nacional","Educação","Ensino superior",5037743,0,0
"2020","RELATOR GERAL","1591","Nacional","Cultura","Patrimônio histórico, artístico e arqueológico",5043709.25,1343605.96,1228326.37
"2020","RELATOR GERAL","381","Nacional","Educação","Ensino profissional",5093899,1370630.51,22778.21
"2022","RELATOR GERAL","311","Nacional","Saúde","Tecnologia da informação",5102669,0,0
"2020","RELATOR GERAL","267","Norte","Saneamento","Saneamento básico urbano",5118093,5118043,5118043
"2020","RELATOR GERAL","1481","Nacional","Urbanismo","Transportes coletivos urbanos",5233823.24,4826640.48,4428764.85
"2020","RELATOR GERAL","190","Nacional","Organização agrária","Ordenamento territorial",5669119.12,5557994.24,5557994.24
"2020","RELATOR GERAL","304","Nacional","Cultura","Difusão cultural",5673935.32,5330613.13,5330613.13
"2020","RELATOR GERAL","186","Nacional","Organização agrária","Ensino profissional",5718201.8,550819.23,550819.23
"2020","RELATOR GERAL","262","Nordeste","Saneamento","Saneamento básico urbano",5763165,5763165,5763165
"2020","RELATOR GERAL","1569","Nacional","Transporte","Transporte rodoviário",5800634,0,0
"2022","RELATOR GERAL","288","Nacional","Organização agrária","Ordenamento territorial",6e+06,6e+06,6e+06
"2020","RELATOR GERAL","209","Nacional","Saúde","Saneamento básico rural",6200982,0,0
"2020","RELATOR GERAL","182","Nacional","Agricultura","Promoção da produção agropecuária",6299943.5,3748850.71,3723047.31
"2020","RELATOR GERAL","207","Nacional","Saúde","Saneamento básico urbano",6386018,0,0
"2020","RELATOR GERAL","205","Nacional","Saúde","Saneamento básico rural",6413000,0,0
"2020","RELATOR GERAL","1575","Nacional","Gestão ambiental","Preservação e conservação ambiental",6475064,4814532.07,4791099.71
"2020","RELATOR GERAL","308","Nacional","Cultura","Difusão cultural",6509994,1525494,1455494
"2020","RELATOR GERAL","245","Nacional","Segurança pública","Defesa civil",6713305.17,1111059.89,1111059.89
"2020","RELATOR GERAL","297","Nacional","Assistência social","Assistência comunitária",6758966.94,2544471.4,2326603.18
"2020","RELATOR GERAL","1612","Nacional","Administração","Normatização e fiscalização",6890067.72,0,0
"2020","RELATOR GERAL","1590","Nacional","Cultura","Difusão cultural",6963256.73,5886298.53,5861046.82
"2020","RELATOR GERAL","1510","MARANHÃO","Transporte","Transporte rodoviário",6997192.25,6997192.25,6997192.25
"2020","RELATOR GERAL","263","Sudeste","Saneamento","Saneamento básico urbano",7226465,7226465,7226465
"2020","RELATOR GERAL","1562","Nacional","Educação","Educação de jovens e adultos",7595982.97,0,0
"2020","RELATOR GERAL","222","Nacional","Saúde","Suporte profilático e terapêutico",7646052,7646052,7646052
"2020","RELATOR GERAL","1490","PERNAMBUCO","Agricultura","Irrigação",8142967.79,3974422.5,3924468.67
"2020","RELATOR GERAL","1512","RIO GRANDE DO SUL","Transporte","Transporte rodoviário",8160149,0,0
"2020","RELATOR GERAL","271","Centro-Oeste","Saneamento","Saneamento básico urbano",8340604,8340604,8340604
"2020","RELATOR GERAL","259","Nacional","Gestão ambiental","Recursos hídricos",8506459.52,2160564.51,2160564.51
"2020","RELATOR GERAL","1558","Nacional","Educação","Educação básica",8566022.64,1525991.75,1214080.89
"2020","RELATOR GERAL","1559","Nacional","Educação","Educação básica",8774627.4,3043128.58,3043128.58
"2021","RELATOR GERAL","662","Nacional","Organização agrária","Ordenamento territorial",8935178.63,1620664.86,1597582.83
"2020","RELATOR GERAL","1611","Nacional","Indústria","Administração geral",8953402.08,627969.44,627969.44
"2020","RELATOR GERAL","1572","Nacional","Transporte","Planejamento e orçamento",8958065,8958065,8958065
"2020","RELATOR GERAL","240","Nacional","Transporte","Transporte rodoviário",8990236,0,0
"2020","RELATOR GERAL","292","Nacional","Desporto e lazer","Desporto de rendimento",9e+06,1168090.89,1168090.89
"2020","RELATOR GERAL","247","Nacional","Saneamento","Saneamento básico urbano",9283358.41,9283358.41,9283358.41
"2020","RELATOR GERAL","260","Nacional","Saneamento","Saneamento básico urbano",9283359,9283359,9283359
"2020","RELATOR GERAL","266","Nacional","Saneamento","Saneamento básico urbano",9283359,9283359,9283359
"2020","RELATOR GERAL","203","Nacional","Saúde","Suporte profilático e terapêutico",9330000,6088713.87,6078884.45
"2020","RELATOR GERAL","1475","Nacional","Defesa nacional","Defesa aérea",9383273.56,923759.51,695663.76
"2020","RELATOR GERAL","269","Sudeste","Saneamento","Saneamento básico urbano",9567576,9567576,9567576
"2020","RELATOR GERAL","1487","Nacional","Urbanismo","infra-estrutura urbana",9690801,0,0
"2020","RELATOR GERAL","1454","Nacional","Organização agrária","Reforma agrária",9755537.95,0,0
"2022","RELATOR GERAL","305","Nacional","Assistência social","Alimentação e nutrição",9886100,0,0
"2020","RELATOR GERAL","1613","Nacional","Cultura","Difusão cultural",9962170.66,0,0
"2020","RELATOR GERAL","245","Nacional","Urbanismo","infra-estrutura urbana",9980000,0,0
"2020","RELATOR GERAL","1626","Nacional","Assistência social","Alimentação e nutrição",1e+07,1790717.32,0
"2020","RELATOR GERAL","1479","RIO GRANDE DO SUL","Urbanismo","Transportes coletivos urbanos",1e+07,0,0
"2020","RELATOR GERAL","293","Nacional","Desporto e lazer","Desporto comunitário",1e+07,9197723.97,9197723.97
"2020","RELATOR GERAL","1506","MINAS GERAIS","Educação","Assistência hospitalar e ambulatorial",1e+07,0,0
"2020","RELATOR GERAL","208","Nacional","Saúde","Saneamento básico urbano",1e+07,0,0
"2021","RELATOR GERAL","739","TIMON","Urbanismo","infra-estrutura urbana",1e+07,0,0
"2020","RELATOR GERAL","392","Nacional","Educação","Educação infantil",1e+07,9586456.22,9586456.22
"2020","RELATOR GERAL","254","Nacional","Habitação","infra-estrutura urbana",1e+07,0,0
"2020","RELATOR GERAL","310","Nacional","Cultura","Difusão cultural",10084155.67,6605715.91,6461061.95
"2020","RELATOR GERAL","1554","Nacional","Organização agrária","Extensão rural",10201814.06,0,0
"2020","RELATOR GERAL","311","Nacional","Cultura","Patrimônio histórico, artístico e arqueológico",10356630.53,4865967.82,4078809.01
"2020","RELATOR GERAL","1595","Nacional","Direitos da cidadania","Direitos individuais, coletivos e difusos",10426917.99,2044340.29,1975336.38
"2020","RELATOR GERAL","214","Nacional","Saúde","Suporte profilático e terapêutico",10701464,4276882.63,3600724.12
"2020","RELATOR GERAL","1547","Nacional","Agricultura","Meteorologia",10777722.37,9319633.07,9301815.55
"2020","RELATOR GERAL","241","Nacional","Gestão ambiental","Controle ambiental",11038587.2,7243886.03,7224146.6
"2020","RELATOR GERAL","1436","Nacional","Previdência social","Informação e inteligência",11179024.61,4099348.33,4099348.33
"2020","RELATOR GERAL","230","Nacional","Transporte","Transporte ferroviário",11259643,6593459.92,6537029.16
"2020","RELATOR GERAL","272","Nacional","Saneamento","Saneamento básico urbano",11464053,11464052.23,11463888.67
"2022","RELATOR GERAL","287","Nacional","Organização agrária","Reforma agrária",11508773.38,0,0
"2020","RELATOR GERAL","1480","Nacional","Saneamento","Saneamento básico urbano",11825882,10825882,10825882
"2020","RELATOR GERAL","1466","Nacional","Saúde","Vigilância epidemiológica ",11952520.76,8824946.19,8656484.2
"2020","RELATOR GERAL","1465","Nacional","Saúde","Desenvolvimento científico",11952772.7,11201204.78,10651673.47
"2020","RELATOR GERAL","179","Nacional","Defesa nacional","Defesa aérea",1.2e+07,0,0
"2020","RELATOR GERAL","1511","RIO GRANDE DO SUL","Transporte","Transporte rodoviário",12240223,9259976.62,9259976.62
"2020","RELATOR GERAL","388","Nacional","Educação","Educação infantil",12325449.51,11646334.76,11646334.76
"2020","RELATOR GERAL","284","Nacional","Habitação","infra-estrutura urbana",12500000,1552267.02,1552267.02
"2021","RELATOR GERAL","741","Nacional","Gestão ambiental","Recursos hídricos",12500000,0,0
"2020","RELATOR GERAL","1513","Nacional","Defesa nacional","Defesa aérea",12945238,12813212.14,12813212.14
"2020","RELATOR GERAL","276","Sul","Saneamento","Saneamento básico urbano",12993239,12992989,12766470.54
"2020","RELATOR GERAL","1624","Nacional","Organização agrária","Extensão rural",1.3e+07,1.3e+07,1.3e+07
"2020","RELATOR GERAL","1617","Nacional","Administração","Planejamento e orçamento",13390026.91,4967806.17,4967806.17
"2020","RELATOR GERAL","1562","Nacional","Educação","Educação infantil",13500000,12743195.39,12743195.39
"2020","RELATOR GERAL","1480","Nacional","Segurança pública","Defesa civil",13581628.88,12329152.65,12144896.74
"2020","RELATOR GERAL","181","Nacional","Agricultura","Extensão rural",13869298.61,2546155.76,1368627.3
"2020","RELATOR GERAL","198","Nacional","Segurança pública","Policiamento",1.4e+07,0,0
"2020","RELATOR GERAL","382","Nacional","Educação","Ensino profissional",14045940.23,5017309.31,4979517.26
"2020","RELATOR GERAL","226","Nacional","Transporte","Transporte rodoviário",14059613,0,0
"2020","RELATOR GERAL","249","Nacional","Saneamento","Saneamento básico urbano",14061625.9,14061625.9,14061625.9
"2020","RELATOR GERAL","1609","Nacional","Direitos da cidadania","Direitos individuais, coletivos e difusos",14206209.94,0,0
"2021","RELATOR GERAL","660","Nacional","Organização agrária","Ordenamento territorial",14376055.99,1030922.65,1015922.65
"2020","RELATOR GERAL","257","Nacional","Gestão ambiental","Recursos hídricos",14517888,0,0
"2020","RELATOR GERAL","1522","MINAS GERAIS","Transporte","Transporte rodoviário",14531189.28,0,0
"2022","RELATOR GERAL","296","ALAGOAS","Gestão ambiental","Recursos hídricos",14929632.44,3551037.42,2704524.95
"2020","RELATOR GERAL","1560","Nacional","Educação","Ensino profissional",14951504,10207111.37,9908671.03
"2020","RELATOR GERAL","1597","Nacional","Direitos da cidadania","Direitos individuais, coletivos e difusos",14972436.65,5931204.35,5903079.79
"2020","RELATOR GERAL","1619","PARAÍBA","Transporte","Transporte rodoviário",14999471.25,283678.21,249825.86
"2020","RELATOR GERAL","183","Nacional","Agricultura","Meteorologia",15208154.38,14949441.01,14945494.14
"2020","RELATOR GERAL","273","Nacional","Saneamento","Saneamento básico urbano",15358484,15358484,15358484
"2020","RELATOR GERAL","1453","Nacional","Agricultura","Normatização e fiscalização",15918103.62,6925588.4,6819761.91
"2020","RELATOR GERAL","1567","Nacional","Saúde","Atenção básica",15935370,15935370,15935370
"2020","RELATOR GERAL","193","Nacional","Comunicações","Desenvolvimento tecnológico e engenharia",1.6e+07,15650751.5,15650751.5
"2020","RELATOR GERAL","1480","Nacional","Urbanismo","Transportes coletivos urbanos",1.6e+07,0,0
"2020","RELATOR GERAL","252","Nacional","Gestão ambiental","Preservação e conservação ambiental",16303319.63,0,0
"2020","RELATOR GERAL","1594","Nacional","Cultura","Difusão cultural",16309024.94,11698817.1,11679442.85
"2020","RELATOR GERAL","1491","Nacional","Gestão ambiental","Recursos hídricos",16320297,0,0
"2020","RELATOR GERAL","1468","Nacional","Saúde","Saneamento básico urbano",16492464,6171424.02,6171424.02
"2020","RELATOR GERAL","277","Centro-Oeste","Saneamento","Saneamento básico urbano",16527612.95,16527612.74,14675826.74
"2020","RELATOR GERAL","192","Nacional","Agricultura","Difusão do conhecimento científico e tecnológico",16593797.09,13398310.6,13310086.36
"2020","RELATOR GERAL","248","Nordeste","Saneamento","Saneamento básico urbano",16627104.84,16627104.84,16627104.84
"2022","RELATOR GERAL","309","ALAGOAS","Gestão ambiental","Recursos hídricos",1.7e+07,0,0
"2020","RELATOR GERAL","1503","Nordeste","Transporte","Transporte rodoviário",1.7e+07,7178930.9,7178930.9
"2020","RELATOR GERAL","212","Nacional","Saúde","Saneamento básico rural",17500000,2684113.31,2684113.31
"2020","RELATOR GERAL","1432","Nacional","Urbanismo","Assistência comunitária",18489000,72165.6,72165.6
"2020","RELATOR GERAL","1555","Nacional","Agricultura","Desenvolvimento tecnológico e engenharia",18577043.79,6505653.87,6245817.64
"2020","RELATOR GERAL","300","Nacional","Assistência social","Assistência comunitária",18956245,0,0
"2020","RELATOR GERAL","250","Sul","Saneamento","Saneamento básico urbano",19351020,19351020,19351020
"2020","RELATOR GERAL","1608","Nacional","Direitos da cidadania","Direitos individuais, coletivos e difusos",19727820.8,6940510.45,6891132.45
"2020","RELATOR GERAL","1435","Nacional","Previdência social","Previdência básica",2e+07,2e+07,2e+07
"2020","RELATOR GERAL","1615","MINAS GERAIS","Transporte","Transporte rodoviário",2e+07,2e+07,2e+07
"2020","RELATOR GERAL","1614","MATO GROSSO","Transporte","Transporte rodoviário",2e+07,17412667.04,17412667.04
"2020","RELATOR GERAL","1469","Nacional","Saúde","Saneamento básico rural",2e+07,0,0
"2020","RELATOR GERAL","1434","Nacional","Previdência social","Tecnologia da informação",2e+07,2e+07,2e+07
"2020","RELATOR GERAL","1464","Nacional","Segurança pública","Policiamento",20118843.2,116256.2,99376.64
"2020","RELATOR GERAL","1463","Nacional","Segurança pública","Policiamento",20397938.29,539912.31,539912.31
"2020","RELATOR GERAL","1488","Nordeste","Gestão ambiental","Recursos hídricos",20400371,20400367.58,20400367.58
"2020","RELATOR GERAL","1483","Nacional","Encargos especiais","Outros encargos especiais",20400371,20400371,20400371
"2020","RELATOR GERAL","1484","Nacional","Encargos especiais","Outros encargos especiais",20400371,20400371,20400371
"2020","RELATOR GERAL","1460","Nacional","Ciência e Tecnologia","Desenvolvimento científico",20400371,20400371,20400371
"2020","RELATOR GERAL","1485","Nacional","Encargos especiais","Outras transferências",20400371,20400371,20400371
"2020","RELATOR GERAL","1457","SANTA CATARINA","Ciência e Tecnologia","Desenvolvimento científico",20400371,20400371,20400371
"2020","RELATOR GERAL","184","Nacional","Organização agrária","Extensão rural",20954402.76,10304765.76,10304765.76
"2021","RELATOR GERAL","662","Nacional","Organização agrária","Reforma agrária",21182086.31,0,0
"2021","RELATOR GERAL","660","Nacional","Organização agrária","Reforma agrária",21670000,0,0
"2020","RELATOR GERAL","217","Nacional","Saúde","Suporte profilático e terapêutico",22535066.83,7415540,7415540
"2020","RELATOR GERAL","225","Nacional","Saúde","Administração geral",22674028.68,15038028.68,15038028.68
"2020","RELATOR GERAL","1470","Nacional","Saúde","Saneamento básico urbano",22760560,232541.43,232541.43
"2021","RELATOR GERAL","788","Nacional","Assistência social","Alimentação e nutrição",23120565.01,0,0
"2021","RELATOR GERAL","745","Nacional","Urbanismo","Assistência comunitária",23221530,0,0
"2020","RELATOR GERAL","268","Nordeste","Saneamento","Saneamento básico urbano",23537700,23537599.16,23537428.77
"2020","RELATOR GERAL","1517","Nacional","Saúde","Desenvolvimento tecnológico e engenharia",23905595,5075962.6,4412147.89
"2020","RELATOR GERAL","1467","Nacional","Saúde","Saneamento básico rural",2.4e+07,0,0
"2022","RELATOR GERAL","292","Nacional","Saúde","Assistência hospitalar e ambulatorial",24636919,3136742,3136742
"2020","RELATOR GERAL","281","Nacional","Gestão ambiental","Recursos hídricos",24798603.75,15443939.23,15425435.78
"2020","RELATOR GERAL","1618","Nacional","Educação","Educação básica",24999489.78,0,0
"2021","RELATOR GERAL","672","Nacional","Previdência social","Tecnologia da informação",2.5e+07,17403257.64,17403257.64
"2020","RELATOR GERAL","275","Sudeste","Saneamento","Saneamento básico urbano",25876789,25876639,25876639
"2020","RELATOR GERAL","256","Nacional","Gestão ambiental","Recursos hídricos",26822320,0,0
"2021","RELATOR GERAL","741","Nacional","Urbanismo","infra-estrutura urbana",27549750.24,0,0
"2020","RELATOR GERAL","1573","Nacional","Transporte","Administração geral",27582677,6919559.85,6919559.85
"2020","RELATOR GERAL","201","Nacional","Segurança pública","Direitos individuais, coletivos e difusos",28622205.55,5800506.27,5685463.11
"2020","RELATOR GERAL","1559","Nacional","Educação","Ensino superior",28762257,0,0
"2020","RELATOR GERAL","258","Nacional","Gestão ambiental","Recursos hídricos",28790675.35,22485642.35,15913996.58
"2020","RELATOR GERAL","242","Nacional","Gestão ambiental","Controle ambiental",29512626.23,23564198.74,21770733.12
"2020","RELATOR GERAL","237","Nacional","Transporte","Transporte hidroviário",29586852,4632002.61,4632002.61
"2020","RELATOR GERAL","1433","Nacional","Educação","Educação básica",3e+07,7413011.91,7413011.91
"2020","RELATOR GERAL","1546","Nacional","Direitos da cidadania","Direitos individuais, coletivos e difusos",30340943.74,28365550.78,28365550.78
"2020","RELATOR GERAL","319","Nacional","Direitos da cidadania","Direitos individuais, coletivos e difusos",30457636.47,21914069.61,19337581.43
"2020","RELATOR GERAL","321","Nacional","Direitos da cidadania","Direitos individuais, coletivos e difusos",30654101.58,23613403.01,23399053.23
"2020","RELATOR GERAL","1437","Nacional","Defesa nacional","Defesa terrestre",30762530.14,3158439.6,2745200.01
"2020","RELATOR GERAL","238","Nacional","Transporte","Planejamento e orçamento",30787723,3430756.65,3430756.65
"2020","RELATOR GERAL","315","Nacional","Cultura","Difusão cultural",31184818.27,29336324.17,29294274.62
"2020","RELATOR GERAL","194","Nacional","Segurança pública","Policiamento",31410321.2,1381600.26,1307779.45
"2021","RELATOR GERAL","685","Nacional","Saúde","Saneamento básico urbano",31935427,0,0
"2020","RELATOR GERAL","383","Nacional","Educação","Assistência hospitalar e ambulatorial",33006503.76,9617296.27,4092519.99
"2020","RELATOR GERAL","1558","Nacional","Educação","Ensino profissional",33270525.09,387258.82,0
"2020","RELATOR GERAL","249","Sudeste","Saneamento","Saneamento básico urbano",33753674.24,33753674.24,33753674.24
"2020","RELATOR GERAL","294","Nacional","Desporto e lazer","Desporto comunitário",34193845,154200,154200
"2022","RELATOR GERAL","294","Nacional","Urbanismo","infra-estrutura urbana",34300165,0,0
"2020","RELATOR GERAL","1469","Nacional","Saúde","Saneamento básico urbano",34658857.54,0,0
"2020","RELATOR GERAL","232","Nacional","Transporte","Administração geral",34719946.96,24651490.88,24352480.68
"2021","RELATOR GERAL","782","Nacional","Habitação","Habitação urbana",3.5e+07,0,0
"2021","RELATOR GERAL","755","Nacional","Gestão ambiental","Recursos hídricos",35358349.9,0,0
"2020","RELATOR GERAL","219","Nacional","Saúde","Atenção básica",35740928,35740928,35740928
"2020","RELATOR GERAL","313","Nacional","Cultura","Patrimônio histórico, artístico e arqueológico",37075856.46,17978329.9,16494907.26
"2020","RELATOR GERAL","280","Nacional","Saneamento","Saneamento básico urbano",37168700.16,4086532.01,3912669.85
"2020","RELATOR GERAL","390","Nacional","Educação","Ensino profissional",37477319.49,25563731.71,24561274.32
"2020","RELATOR GERAL","1479","Nacional","Urbanismo","infra-estrutura urbana",38333510.57,0,0
"2020","RELATOR GERAL","236","Nacional","Transporte","Administração geral",38470234,33661170.15,33661170.15
"2020","RELATOR GERAL","1478","Nacional","Agricultura","Promoção da produção agropecuária",38794552.78,230004,92459
"2020","RELATOR GERAL","1479","Nordeste","Gestão ambiental","Recursos hídricos",4e+07,4e+07,4e+07
"2020","RELATOR GERAL","1507","Nacional","Defesa nacional","Defesa naval",40774965.38,28486533.16,28172685.69
"2020","RELATOR GERAL","1499","Nacional","Assistência social","Assistência comunitária",40799505.14,40799505.14,40799505.14
"2020","RELATOR GERAL","211","Nacional","Saúde","Saneamento básico rural",41595148.91,717554.98,717554.98
"2020","RELATOR GERAL","197","Nacional","Direitos da cidadania","Direitos individuais, coletivos e difusos",41778266.1,32579193.83,32337747.28
"2020","RELATOR GERAL","195","Nacional","Segurança pública","Administração geral",42691642.98,7735916.53,6076609
"2020","RELATOR GERAL","1579","Nacional","Urbanismo","Transportes coletivos urbanos",43413389.57,37828330.06,37577967.38
"2020","RELATOR GERAL","1496","Nacional","Desporto e lazer","Desporto comunitário",43734623,418980,418980
"2020","RELATOR GERAL","1436","Nacional","Previdência social","Tecnologia da informação",43820975,15985035.18,15985035.18
"2020","RELATOR GERAL","1502","Nacional","Educação","Ensino superior",47811189,47811189,47811189
"2020","RELATOR GERAL","210","Nacional","Saúde","Saneamento básico urbano",4.8e+07,13063433.3,13063433.3
"2021","RELATOR GERAL","661","Nacional","Organização agrária","Reforma agrária",48908192.18,6685131.94,6187437.81
"2020","RELATOR GERAL","385","Nacional","Educação","Educação básica",49106216.31,25926273.1,23542384.6
"2022","RELATOR GERAL","296","Nacional","Comércio e serviços","Turismo",49777897,45500,45500
"2022","RELATOR GERAL","301","Nacional","Educação","Assistência hospitalar e ambulatorial",5e+07,44575946.44,44575946.44
"2022","RELATOR GERAL","300","Nacional","Urbanismo","infra-estrutura urbana",50078800.04,258971.51,257596.61
"2020","RELATOR GERAL","1467","Nacional","Saúde","Saneamento básico urbano",52661025.95,11461650.93,11461650.93
"2020","RELATOR GERAL","1480","Nacional","Gestão ambiental","Recursos hídricos",55196877,0,0
"2020","RELATOR GERAL","1504","Nacional","Educação","Educação básica",55880896,764661.65,764661.65
"2020","RELATOR GERAL","383","Nacional","Educação","Ensino superior",55969662.37,12562752.79,10390110.15
"2020","RELATOR GERAL","246","Nacional","Segurança pública","Defesa civil",56583800,32104957.41,32104957.41
"2022","RELATOR GERAL","286","Nacional","Agricultura","Promoção da produção agropecuária",57008712.46,8780196.28,8715357.78
"2021","RELATOR GERAL","684","Nacional","Saúde","Saneamento básico urbano",57750000,4708079.27,4708079.27
"2020","RELATOR GERAL","1479","Nacional","Saneamento","Saneamento básico urbano",59999999.49,59999999.19,59900539.28
"2021","RELATOR GERAL","784","Nacional","Desporto e lazer","Desporto comunitário",60231351.39,19064033.98,19064033.98
"2020","RELATOR GERAL","274","Nordeste","Saneamento","Saneamento básico urbano",60311189,60311189,60311189
"2020","RELATOR GERAL","233","Nacional","Transporte","Transporte rodoviário",61058647,55253358.32,55253358.32
"2020","RELATOR GERAL","1489","CEARÁ","Gestão ambiental","Recursos hídricos",61201115,61201115,27852407.24
"2021","RELATOR GERAL","782","Nacional","Urbanismo","Assistência comunitária",61660243.52,0,0
"2020","RELATOR GERAL","1568","Nacional","Saúde","Assistência hospitalar e ambulatorial",61956913.53,33322615.98,25642761.1
"2020","RELATOR GERAL","298","Nacional","Direitos da cidadania","Direitos individuais, coletivos e difusos",62916347.26,55109422.47,55090627.72
"2021","RELATOR GERAL","755","Nacional","Urbanismo","Assistência comunitária",62929820,0,0
"2020","RELATOR GERAL","1471","Nacional","Saúde","Saneamento básico rural",63584616,5532228.58,5532228.58
"2020","RELATOR GERAL","239","Nacional","Transporte","Transporte rodoviário",6.4e+07,52927154.42,52927154.42
"2020","RELATOR GERAL","291","Nacional","Desporto e lazer","Desporto comunitário",64883186.7,6389561.79,5249403.55
"2020","RELATOR GERAL","1503","Nacional","Educação","Educação infantil",6.5e+07,34806930.3,34806930.3
"2020","RELATOR GERAL","1542","Nacional","Desporto e lazer","Desporto comunitário",7e+07,585000,585000
"2021","RELATOR GERAL","611","Nacional","Saúde","Assistência hospitalar e ambulatorial",74017569,47993498,47993498
"2021","RELATOR GERAL","791","Nacional","Agricultura","Promoção da produção agropecuária",74845410.91,219090,67916.27
"2020","RELATOR GERAL","224","Nacional","Saúde","Administração geral",76435858.69,34159373.68,32274390.25
"2020","RELATOR GERAL","198","Nacional","Direitos da cidadania","Direitos individuais, coletivos e difusos",77072898.51,22931959.56,22911925.37
"2020","RELATOR GERAL","189","Nacional","Urbanismo","Assistência comunitária",79363849.72,0,0
"2020","RELATOR GERAL","202","Nacional","Saúde","Suporte profilático e terapêutico",8e+07,66068159.19,61974212.11
"2020","RELATOR GERAL","1498","Nacional","Assistência social","Assistência comunitária",81601485.26,81601485.26,81601485.26
"2022","RELATOR GERAL","314","Nacional","Defesa nacional","Assistência comunitária",81880184.98,1902123.96,1898482.59
"2020","RELATOR GERAL","191","Nacional","Agricultura","Desenvolvimento tecnológico e engenharia",82909149.68,60493106.61,59838568.38
"2020","RELATOR GERAL","240","Nacional","Transporte","Serviços urbanos",83019214.32,72064330.33,72064330.33
"2020","RELATOR GERAL","255","Nacional","Gestão ambiental","Recursos hídricos",85024285,25799657.84,25799657.84
"2020","RELATOR GERAL","239","Nacional","Transporte","Transporte aéreo",88877249.69,31831516.29,30812141.52
"2020","RELATOR GERAL","221","Nacional","Saúde","Atenção básica",89094260.21,29450475.29,29450475.29
"2021","RELATOR GERAL","739","Nacional","Urbanismo","Assistência comunitária",92049978.73,0,0
"2021","RELATOR GERAL","799","Nacional","Urbanismo","infra-estrutura urbana",95036293.24,24956,24956
"2020","RELATOR GERAL","1500","Nacional","Assistência social","Assistência comunitária",95628550,62226300,61608550
"2020","RELATOR GERAL","1523","Nacional","Defesa nacional","Assistência comunitária",9.6e+07,0,0
"2022","RELATOR GERAL","304","Nacional","Desporto e lazer","Desporto comunitário",97833971.41,35840087.49,35840087.49
"2020","RELATOR GERAL","248","Nordeste","Urbanismo","Assistência comunitária",98556220.28,0,0
"2020","RELATOR GERAL","1515","Nacional","Defesa nacional","Assistência comunitária",101388022.69,1245263.23,1245263.23
"2022","RELATOR GERAL","313","Nacional","Desporto e lazer","Desporto comunitário",104146175,147000,147000
"2020","RELATOR GERAL","243","Nacional","Gestão ambiental","Preservação e conservação ambiental",104254800.68,90056920.12,89325239.77
"2020","RELATOR GERAL","282","RIO GRANDE DO SUL","Urbanismo","Transportes coletivos urbanos",104659979.19,34469100.01,32578421.83
"2021","RELATOR GERAL","687","Nacional","Saúde","Assistência hospitalar e ambulatorial",105564123,37299828,37299828
"2020","RELATOR GERAL","1487","Nacional","Gestão ambiental","Recursos hídricos",107936741,8269795.84,8269795.84
"2021","RELATOR GERAL","688","Nacional","Saúde","Atenção básica",110283104,36477366,36477366
"2020","RELATOR GERAL","204","Nacional","Saúde","Formação de recursos humanos",110551200.27,105112126.72,103909955.97
"2020","RELATOR GERAL","253","Nordeste","Gestão ambiental","Recursos hídricos",111741745,92371826.64,92371026.79
"2020","RELATOR GERAL","218","Nacional","Saúde","Atenção básica",114091172.35,44668395.69,41446628.37
"2021","RELATOR GERAL","674","Nacional","Previdência social","Previdência básica",1.15e+08,92294218.67,92294218.67
"2020","RELATOR GERAL","1540","Nacional","Assistência social","Assistência à criança e ao adolescente",116645553,67914464.84,67914464.84
"2022","RELATOR GERAL","293","Nacional","Saúde","Atenção básica",124217135,70617946,70617946
"2022","RELATOR GERAL","308","Nacional","Educação","Educação básica",125152825.2,11304862.35,11304862.35
"2020","RELATOR GERAL","220","Nacional","Saúde","Atenção básica",126158767.85,43731183.44,41081183.44
"2021","RELATOR GERAL","611","Nacional","Saúde","Atenção básica",127869737,54794926,54794926
"2020","RELATOR GERAL","253","Nacional","Urbanismo","Assistência comunitária",129931654.83,0,0
"2020","RELATOR GERAL","253","Nacional","Urbanismo","Transportes coletivos urbanos",134538016.04,124478233.04,124478233.04
"2020","RELATOR GERAL","254","Nacional","Urbanismo","infra-estrutura urbana",138533723,16031980.98,16031980.98
"2020","RELATOR GERAL","216","Nacional","Saúde","Assistência hospitalar e ambulatorial",147965110,25362652,25362652
"2020","RELATOR GERAL","1578","Nacional","Encargos especiais","Outras transferências",157615296,157615296,157615296
"2022","RELATOR GERAL","309","Nacional","Urbanismo","Assistência comunitária",158608207.93,28560050.44,17939136.49
"2022","RELATOR GERAL","310","Nacional","Urbanismo","Assistência comunitária",170301006.27,10499426.96,10456303.59
"2020","RELATOR GERAL","235","Nacional","Transporte","Planejamento e orçamento",179734992.71,66757591.31,66757591.31
"2020","RELATOR GERAL","1562","Nacional","Educação","Educação básica",179812737,66894559.45,66894559.45
"2020","RELATOR GERAL","1576","Nacional","Segurança pública","Defesa civil",180199159.03,173033347.57,172167994.19
"2020","RELATOR GERAL","213","Nacional","Saúde","Assistência hospitalar e ambulatorial",186524742.76,116354560.86,108447201.82
"2020","RELATOR GERAL","384","Nacional","Educação","Ensino superior",190459991.07,32329586.93,25383625.8
"2020","RELATOR GERAL","283","Nacional","Urbanismo","Transportes coletivos urbanos",192399318.02,131727324.3,130443820.27
"2020","RELATOR GERAL","1613","Nacional","Urbanismo","Assistência comunitária",196154372.14,0,0
"2021","RELATOR GERAL","795","Nacional","Urbanismo","Assistência comunitária",198958553.43,177837.39,177837.39
"2021","RELATOR GERAL","670","Nacional","Previdência social","Administração geral",199927154.97,199999818.4,199999818.4
"2020","RELATOR GERAL","196","Nacional","Segurança pública","Policiamento",203196943.46,95326961.14,95266910.42
"2020","RELATOR GERAL","189","Nacional","Organização agrária","Reforma agrária",204716495.16,9177587.15,8766857.74
"2020","RELATOR GERAL","386","Nacional","Educação","Educação básica",220149999.97,5479.96,5479.96
"2021","RELATOR GERAL","792","Nacional","Saúde","Atenção básica",237376154,140766972,140766972
"2021","RELATOR GERAL","785","Nacional","Desporto e lazer","Desporto comunitário",254616828.94,595700,595700
"2020","RELATOR GERAL","195","Nacional","Segurança pública","Policiamento",258279394.57,170933163.08,170765069.28
"2022","RELATOR GERAL","296","Nacional","Urbanismo","infra-estrutura urbana",260952501.91,729501.91,729501.91
"2020","RELATOR GERAL","287","Nacional","Assistência social","Assistência à criança e ao adolescente",274788588.89,257373468.59,257373468.59
"2020","RELATOR GERAL","1487","Nacional","Urbanismo","Assistência comunitária",277481292.08,0,0
"2021","RELATOR GERAL","789","Nacional","Assistência social","Assistência comunitária",303000839.51,0,0
"2020","RELATOR GERAL","1509","Nacional","Saúde","Assistência hospitalar e ambulatorial",308222829,254793437,95821836
"2020","RELATOR GERAL","1523","Nacional","Transporte","Transporte rodoviário",320126633.55,258373371.13,254887403.76
"2020","RELATOR GERAL","1451","Nacional","Agricultura","Promoção da produção agropecuária",347629489.21,15437384.07,13547601.44
"2020","RELATOR GERAL","244","Nacional","Segurança pública","Defesa civil",353973529.51,289036819.23,280917004.22
"2021","RELATOR GERAL","796","Nacional","Defesa nacional","Assistência comunitária",357993689.92,4601585.14,3825881.09
"2020","RELATOR GERAL","1482","Nacional","Encargos especiais","Outras transferências",363603343,363603343,363603343
"2020","RELATOR GERAL","389","Nacional","Educação","Educação básica",364034352.62,131736959.52,128876568.78
"2020","RELATOR GERAL","1480","Nacional","Urbanismo","infra-estrutura urbana",387763549.54,0,0
"2020","RELATOR GERAL","215","Nacional","Saúde","Assistência hospitalar e ambulatorial",425645865.5,151476070.6,151122762.09
"2020","RELATOR GERAL","1508","Nacional","Saúde","Atenção básica",463801457,371102492,206750128
"2020","RELATOR GERAL","1503","Nacional","Educação","Educação básica",503575494.2,100749096.71,100749096.71
"2021","RELATOR GERAL","791","Nacional","Educação","Educação básica",522948209.04,130098410.83,130098410.83
"2020","RELATOR GERAL","1493","Nacional","Comércio e serviços","Turismo",545965019.19,260721.7,260721.7
"2021","RELATOR GERAL","739","Nacional","Urbanismo","infra-estrutura urbana",552774478.93,48000.95,48000.95
"2020","RELATOR GERAL","179","Nacional","Agricultura","Promoção da produção agropecuária",589972440.33,2225350.38,165374.39
"2021","RELATOR GERAL","652","Nacional","Agricultura","Promoção da produção agropecuária",934966866.31,105043351.49,103282987.09
"2022","RELATOR GERAL","306","Nacional","Assistência social","Assistência comunitária",970429227.55,687325448.29,618845810.07
"2020","RELATOR GERAL","223","Nacional","Saúde","Formação de recursos humanos",1024473555.67,973193846.15,953258462.84
"2020","RELATOR GERAL","1520","Nacional","Urbanismo","infra-estrutura urbana",1434232240.71,35112796.79,34329142.06
"2022","RELATOR GERAL","311","Nacional","Saúde","Assistência hospitalar e ambulatorial",2221114508.13,2217737801.13,2217737801.13
"2020","RELATOR GERAL","1480","Nacional","Urbanismo","Assistência comunitária",2242157486.9,34057363.26,33534052.45
"2021","RELATOR GERAL","740","Nacional","Urbanismo","infra-estrutura urbana",2409793649.99,6763409.92,5326795.97
"2021","RELATOR GERAL","741","Nacional","Urbanismo","Assistência comunitária",2418098811.71,21424276.34,21374090.25
"2021","RELATOR GERAL","792","Nacional","Saúde","Assistência hospitalar e ambulatorial",2536002713,1873392114.25,1873392114.25
"2022","RELATOR GERAL","312","Nacional","Saúde","Atenção básica",3983589464,3975616171,3975616171
"2021","RELATOR GERAL","794","Nacional","Saúde","Atenção básica",4389182126,3589409822,3589409822
