"ano","autor","numero_emenda","localidade","função","subfunção","empenhado","liquido","pago","id","codigo_emenda"
"2021","RELATOR GERAL","1493","Nacional","Urbanismo","Assistência comunitária",0,0,0,"77","202181001493"
"2021","RELATOR GERAL","1558","Nacional","Urbanismo","Assistência comunitária",0,0,0,"343","202181001558"
"2022","RELATOR GERAL","0302","Nacional","Saneamento","Saneamento básico urbano",0,0,0,"108","202281000302"
"2020","RELATOR GERAL","0264","Sul","Saneamento","Saneamento básico urbano",0,0,0,"424","202081000264"
"2021","RELATOR GERAL","0215","Nacional","Saúde","Assistência hospitalar e ambulatorial",0,0,0,"309","202181000215"
"2021","RELATOR GERAL","1576","Nacional","Urbanismo","Assistência comunitária",0,0,0,"102","202181001576"
"2020","RELATOR GERAL","0285","Nacional","Comércio e serviços","Turismo",0,0,0,"118","202081000285"
"2020","RELATOR GERAL","1569","Nacional","Transporte","Planejamento e orçamento",0,0,0,"295","202081001569"
"2020","RELATOR GERAL","0226","Nacional","Transporte","Planejamento e orçamento",0,0,0,"188","202081000226"
"2021","RELATOR GERAL","1493","Nacional","Urbanismo","infra-estrutura urbana",0,0,0,"167","202181001493"
"2020","RELATOR GERAL","0199","Nacional","Segurança pública","Policiamento",0,0,0,"165","202081000199"
"2020","RELATOR GERAL","1549","Nacional","Agricultura","Promoção da produção agropecuária",1,0,0,"193","202081001549"
"2020","RELATOR GERAL","0290","Nacional","Cultura","Difusão cultural",2140.86,2140.86,2140.86,"179","202081000290"
"2022","RELATOR GERAL","0307","Nacional","Indústria","Recursos hídricos",3293.75,3293.75,0,"184","202281000307"
"2020","RELATOR GERAL","1494","Nacional","Cultura","Difusão cultural",3934.9,3934.9,3934.9,"107","202081001494"
"2020","RELATOR GERAL","0301","Nacional","Cultura","Patrimônio histórico, artístico e arqueológico",33148.51,26154.68,26154.68,"407","202081000301"
"2020","RELATOR GERAL","1616","Nacional","Agricultura","Desenvolvimento tecnológico e engenharia",45756,14616.5,14616.5,"106","202081001616"
"2020","RELATOR GERAL","1581","Nacional","Cultura","Patrimônio histórico, artístico e arqueológico",63046,0,0,"166","202081001581"
"2020","RELATOR GERAL","1582","Nacional","Cultura","Patrimônio histórico, artístico e arqueológico",78808,0,0,"53","202081001582"
"2020","RELATOR GERAL","0314","Nacional","Cultura","Difusão cultural",94930.28,94930.28,94930.28,"292","202081000314"
"2020","RELATOR GERAL","0303","Nacional","Cultura","Patrimônio histórico, artístico e arqueológico",109915,45153,45153,"61","202081000303"
"2020","RELATOR GERAL","1587","Nacional","Cultura","Difusão cultural",166538,166538,151426.06,"268","202081001587"
"2020","RELATOR GERAL","0295","Nacional","Assistência social","Assistência comunitária",177770.45,0,0,"262","202081000295"
"2020","RELATOR GERAL","1574","Nacional","Transporte","Planejamento e orçamento",191571,0,0,"209","202081001574"
"2020","RELATOR GERAL","0270","Nacional","Saneamento","Saneamento básico urbano",193019,193019,193019,"385","202081000270"
"2020","RELATOR GERAL","0305","Nacional","Cultura","Difusão cultural",230736.49,212958,212958,"59","202081000305"
"2020","RELATOR GERAL","0234","Nacional","Transporte","Planejamento e orçamento",245343.67,235343.67,235343.67,"418","202081000234"
"2020","RELATOR GERAL","0306","Nacional","Cultura","Patrimônio histórico, artístico e arqueológico",250119,239324.75,224212.81,"56","202081000306"
"2020","RELATOR GERAL","0309","Nacional","Cultura","Patrimônio histórico, artístico e arqueológico",251478.78,160986.78,160986.78,"340","202081000309"
"2020","RELATOR GERAL","1585","Nacional","Cultura","Patrimônio histórico, artístico e arqueológico",262463.91,260821.83,238153.92,"57","202081001585"
"2020","RELATOR GERAL","0276","Nacional","Saneamento","Saneamento básico urbano",269882,269882,269882,"339","202081000276"
"2020","RELATOR GERAL","1516","Nacional","Saúde","Atenção básica",270000,0,0,"126","202081001516"
"2020","RELATOR GERAL","1564","Nacional","Direitos da cidadania","Direitos individuais, coletivos e difusos",335637,335637,335637,"419","202081001564"
"2020","RELATOR GERAL","0205","Nacional","Saúde","Saneamento básico urbano",340078.23,256353.34,256353.34,"229","202081000205"
"2020","RELATOR GERAL","1456","Nacional","Encargos especiais","Outros encargos especiais",408008,408008,408008,"3","202081001456"
"2021","RELATOR GERAL","0784","Nacional","Urbanismo","Assistência comunitária",430800,0,0,"301","202181000784"
"2020","RELATOR GERAL","0182","Nacional","Agricultura","Administração geral",503350.73,0,0,"253","202081000182"
"2020","RELATOR GERAL","1598","Nacional","Direitos da cidadania","Direitos individuais, coletivos e difusos",530949.8,0,0,"121","202081001598"
"2020","RELATOR GERAL","0302","Nacional","Cultura","Difusão cultural",564575.4,396721.78,396721.78,"306","202081000302"
"2020","RELATOR GERAL","1577","Nacional","Gestão ambiental","Recursos hídricos",575361,0,0,"84","202081001577"
"2020","RELATOR GERAL","1438","Nacional","Trabalho","Administração geral",585980.18,398721.88,388369.65,"223","202081001438"
"2020","RELATOR GERAL","1588","Nacional","Cultura","Patrimônio histórico, artístico e arqueológico",597466.06,597466.06,597466.06,"14","202081001588"
"2020","RELATOR GERAL","0238","Nacional","Transporte","Transporte rodoviário",6e+05,0,0,"98","202081000238"
"2020","RELATOR GERAL","1566","Nacional","Saúde","Saneamento básico urbano",606179.88,478139.32,478139.32,"353","202081001566"
"2020","RELATOR GERAL","0299","Nacional","Assistência social","Assistência comunitária",648000,28783.91,28783.91,"263","202081000299"
"2020","RELATOR GERAL","1526","ALAGOAS","Transporte","Transporte rodoviário",816015,0,0,"175","202081001526"
"2022","RELATOR GERAL","0309","Nacional","Gestão ambiental","Preservação e conservação ambiental",831763,107886.95,107886.95,"38","202281000309"
"2020","RELATOR GERAL","0189","Nacional","Organização agrária","Ensino profissional",882639,6e+05,0,"430","202081000189"
"2020","RELATOR GERAL","1521","Nacional","Indústria","Propriedade industrial",936474.32,936474.32,936474.32,"244","202081001521"
"2020","RELATOR GERAL","1622","MATO GROSSO","Transporte","Transporte rodoviário",1e+06,4692.6,4692.6,"171","202081001622"
"2020","RELATOR GERAL","1565","Nacional","Saúde","Saneamento básico urbano",1e+06,0,0,"350","202081001565"
"2021","RELATOR GERAL","0755","Nacional","Saneamento","Saneamento básico urbano",1e+06,0,0,"49","202181000755"
"2020","RELATOR GERAL","0265","Nacional","Saneamento","Saneamento básico urbano",1100900,1100900,1100900,"281","202081000265"
"2020","RELATOR GERAL","0251","Centro-Oeste","Saneamento","Saneamento básico urbano",1155158,1155158,1155158,"74","202081000251"
"2020","RELATOR GERAL","0261","Nacional","Saneamento","Saneamento básico urbano",1157177,1157177,1157177,"147","202081000261"
"2020","RELATOR GERAL","1551","Nacional","Agricultura","Promoção da produção agropecuária",1314915.4,174255.14,174255.14,"170","202081001551"
"2020","RELATOR GERAL","0250","Nacional","Saneamento","Saneamento básico urbano",1358930,1358930,1358930,"317","202081000250"
"2020","RELATOR GERAL","1439","Nacional","Trabalho","Desenvolvimento científico",1382886.51,102697.13,102697.13,"201","202081001439"
"2020","RELATOR GERAL","0270","Sul","Saneamento","Saneamento básico urbano",1394616,1394616,1394616,"91","202081000270"
"2020","RELATOR GERAL","0248","Nacional","Saneamento","Saneamento básico urbano",1416879,1416879,1416879,"72","202081000248"
"2020","RELATOR GERAL","0268","Nacional","Saneamento","Saneamento básico urbano",1466727,1466727,1466727,"327","202081000268"
"2020","RELATOR GERAL","1548","Nacional","Agricultura","Extensão rural",1515526,553597.75,553597.75,"16","202081001548"
"2022","RELATOR GERAL","0309","Nacional","Defesa nacional","Defesa terrestre",1522070.69,0,0,"373","202281000309"
"2021","RELATOR GERAL","0745","Nacional","Urbanismo","Ordenamento territorial",1778300,0,0,"151","202181000745"
"2020","RELATOR GERAL","1473","AMAPÁ","Transporte","Transporte rodoviário",1791227.97,336951.21,336951.21,"213","202081001473"
"2020","RELATOR GERAL","1592","Nacional","Cultura","Difusão cultural",1806204.53,1504033.49,1503764.32,"60","202081001592"
"2020","RELATOR GERAL","0188","Nacional","Organização agrária","Ensino profissional",1869327.78,752211.67,710625.67,"208","202081000188"
"2020","RELATOR GERAL","0381","Nacional","Educação","Educação básica",1870000,1870000,1870000,"95","202081000381"
"2020","RELATOR GERAL","0252","Nacional","Urbanismo","infra-estrutura urbana",1906757.63,0,0,"349","202081000252"
"2020","RELATOR GERAL","1566","Nacional","Saúde","Saneamento básico rural",2e+06,0,0,"383","202081001566"
"2020","RELATOR GERAL","1628","Nacional","Indústria","Normatização e fiscalização",2e+06,2e+06,2e+06,"185","202081001628"
"2020","RELATOR GERAL","1574","Nacional","Transporte","Transporte rodoviário",2e+06,0,0,"155","202081001574"
"2020","RELATOR GERAL","0261","Norte","Saneamento","Saneamento básico urbano",2016105,2016104.16,2016104.16,"379","202081000261"
"2020","RELATOR GERAL","0264","Nacional","Saneamento","Saneamento básico urbano",2038470,2038470,2038470,"146","202081000264"
"2020","RELATOR GERAL","1458","Nacional","Ciência e Tecnologia","Desenvolvimento científico",2040037,0,0,"371","202081001458"
"2020","RELATOR GERAL","0265","Centro-Oeste","Saneamento","Saneamento básico urbano",2049474,2049474,2049474,"200","202081000265"
"2021","RELATOR GERAL","0789","Nacional","Desporto e lazer","Desporto comunitário",2090000,0,0,"85","202181000789"
"2020","RELATOR GERAL","1452","Nacional","Agricultura","Extensão rural",2102594.15,0,0,"101","202081001452"
"2020","RELATOR GERAL","0187","Nacional","Organização agrária","Extensão rural",2237341.51,970682.05,690659.9,"369","202081000187"
"2020","RELATOR GERAL","0206","Nacional","Saúde","Saneamento básico urbano",2300000,2051225.56,0,"250","202081000206"
"2022","RELATOR GERAL","0295","Nacional","Gestão ambiental","Preservação e conservação ambiental",2304000,0,0,"2","202281000295"
"2020","RELATOR GERAL","0273","Norte","Saneamento","Saneamento básico urbano",2403109,2403109,2403109,"128","202081000273"
"2020","RELATOR GERAL","0267","Nacional","Saneamento","Saneamento básico urbano",2436396,2436396,2436396,"247","202081000267"
"2020","RELATOR GERAL","1455","Nacional","Agricultura","Desenvolvimento tecnológico e engenharia",2448044,618179.37,546910.27,"348","202081001455"
"2022","RELATOR GERAL","0315","Nacional","Saúde","Saneamento básico urbano",2480000,0,0,"234","202281000315"
"2020","RELATOR GERAL","0312","Nacional","Cultura","Difusão cultural",2555522.77,2554672.77,2554672.77,"182","202081000312"
"2020","RELATOR GERAL","0289","Nacional","Cultura","Difusão cultural",2875750.19,2875750.19,2875750.19,"125","202081000289"
"2020","RELATOR GERAL","0227","Nacional","Transporte","Administração geral",2943264.13,2501433.22,2385254.92,"73","202081000227"
"2020","RELATOR GERAL","0323","Nacional","Direitos da cidadania","Direitos individuais, coletivos e difusos",2999865.25,2991873.43,2915865.25,"289","202081000323"
"2020","RELATOR GERAL","1569","RIO GRANDE DO SUL","Transporte","Transporte rodoviário",3e+06,0,0,"109","202081001569"
"2021","RELATOR GERAL","0652","MATÕES DO NORTE","Agricultura","Promoção da produção agropecuária",3e+06,0,0,"211","202181000652"
"2020","RELATOR GERAL","0226","Nacional","Transporte","Administração geral",3200000,0,0,"161","202081000226"
"2020","RELATOR GERAL","0231","Nacional","Transporte","Planejamento e orçamento",3223243.09,1846091.16,1846091.16,"139","202081000231"
"2020","RELATOR GERAL","1474","PORTO VELHO","Transporte","Transporte rodoviário",3264059,289703.65,281505.29,"320","202081001474"
"2020","RELATOR GERAL","0271","Nacional","Saneamento","Saneamento básico urbano",3265743,3265743,3265743,"412","202081000271"
"2020","RELATOR GERAL","1461","Nacional","Indústria","Administração geral",3334018.27,3297386.22,3297386.22,"374","202081001461"
"2020","RELATOR GERAL","0208","Nacional","Saúde","Administração geral",3380069.39,1313358.06,1313358.06,"429","202081000208"
"2020","RELATOR GERAL","1625","GOIÁS","Transporte","Transporte rodoviário",3466601,0,0,"366","202081001625"
"2020","RELATOR GERAL","1550","Nacional","Agricultura","Promoção da produção agropecuária",3533591.93,3532309.91,3532309.91,"51","202081001550"
"2020","RELATOR GERAL","0277","Nacional","Saneamento","Saneamento básico urbano",3613873,3613873,3613873,"87","202081000277"
"2020","RELATOR GERAL","1553","Nacional","Organização agrária","Ensino profissional",3665619.94,218190,218190,"168","202081001553"
"2020","RELATOR GERAL","1459","Nacional","Ciência e Tecnologia","Desenvolvimento tecnológico e engenharia",3672067,0,0,"428","202081001459"
"2020","RELATOR GERAL","1606","Nacional","Educação","Outros encargos especiais",3891339,3891339,3891339,"342","202081001606"
"2020","RELATOR GERAL","1557","Nacional","Educação","Ensino superior",3940382,1006230.72,817501.57,"236","202081001557"
"2020","RELATOR GERAL","0209","Nacional","Saúde","Preservação e conservação ambiental",3982047.3,37783.92,37783.92,"303","202081000209"
"2020","RELATOR GERAL","1523","Nacional","Defesa nacional","Administração geral",3998624.83,99251.98,0,"344","202081001523"
"2020","RELATOR GERAL","1527","PARÁ","Transporte","Transporte rodoviário",4e+06,0,0,"207","202081001527"
"2020","RELATOR GERAL","0206","Nacional","Saúde","Saneamento básico rural",4e+06,0,0,"370","202081000206"
"2020","RELATOR GERAL","1565","Nacional","Saúde","Administração geral",4e+06,0,0,"6","202081001565"
"2020","RELATOR GERAL","1477","Nacional","Defesa nacional","Defesa terrestre",4214453.12,1547670.15,1428882.86,"43","202081001477"
"2020","RELATOR GERAL","1584","Nacional","Cultura","Difusão cultural",4245500.67,4097586.57,4097586.57,"222","202081001584"
"2020","RELATOR GERAL","1476","Nacional","Defesa nacional","Defesa terrestre",4249719.67,132679.9,0,"180","202081001476"
"2022","RELATOR GERAL","0286","Nacional","Agricultura","Administração geral",4250000,0,0,"355","202281000286"
"2020","RELATOR GERAL","0235","Nacional","Transporte","Transporte rodoviário",4288552,2047096.48,2047096.48,"255","202081000235"
"2020","RELATOR GERAL","0274","Nacional","Saneamento","Saneamento básico urbano",4340024,4340024,4340024,"422","202081000274"
"2022","RELATOR GERAL","0309","Nacional","Segurança pública","Policiamento",4428327,0,0,"219","202281000309"
"2020","RELATOR GERAL","0322","Nacional","Direitos da cidadania","Direitos individuais, coletivos e difusos",4450237,0,0,"283","202081000322"
"2020","RELATOR GERAL","1589","Nacional","Cultura","Difusão cultural",4621000,3345000,2379000,"177","202081001589"
"2020","RELATOR GERAL","0229","Nacional","Transporte","Administração geral",4647733,1293619.04,1293619.04,"145","202081000229"
"2020","RELATOR GERAL","0279","Nacional","Gestão ambiental","Recursos hídricos",4661805,131989.69,131989.69,"62","202081000279"
"2020","RELATOR GERAL","1623","GOIÁS","Transporte","Transporte rodoviário",4693548,25128.25,2374.62,"119","202081001623"
"2020","RELATOR GERAL","0389","Nacional","Educação","Ensino profissional",4768462.75,1002298.14,36930.09,"26","202081000389"
"2020","RELATOR GERAL","0252","Nacional","Gestão ambiental","Recursos hídricos",4775372.84,0,0,"249","202081000252"
"2020","RELATOR GERAL","0278","Nacional","Gestão ambiental","Recursos hídricos",4780753.8,60582.53,60582.53,"316","202081000278"
"2021","RELATOR GERAL","0799","Nacional","Urbanismo","Assistência comunitária",4788047.17,0,0,"82","202181000799"
"2021","RELATOR GERAL","0671","Nacional","Previdência social","Formação de recursos humanos",4814558.6,0,0,"131","202181000671"
"2021","RELATOR GERAL","0673","Nacional","Previdência social","Representação judicial e extrajudicial",4898900,4988128.82,4998150.24,"368","202181000673"
"2020","RELATOR GERAL","0180","Nacional","Agricultura","Promoção da produção agropecuária",4954575.62,4937307.27,4932337.38,"341","202081000180"
"2020","RELATOR GERAL","0228","Nacional","Transporte","Planejamento e orçamento",5e+06,286772.24,286772.24,"11","202081000228"
"2020","RELATOR GERAL","0253","PERNAMBUCO","Agricultura","Irrigação",5e+06,0,0,"13","202081000253"
"2021","RELATOR GERAL","0668","Nacional","Ciência e Tecnologia","Desenvolvimento tecnológico e engenharia",5e+06,0,0,"431","202181000668"
"2020","RELATOR GERAL","0385","Nacional","Educação","Ensino superior",5037743,0,0,"232","202081000385"
"2020","RELATOR GERAL","1591","Nacional","Cultura","Patrimônio histórico, artístico e arqueológico",5043709.25,1343605.96,1228326.37,"36","202081001591"
"2020","RELATOR GERAL","0381","Nacional","Educação","Ensino profissional",5093899,1370630.51,22778.21,"391","202081000381"
"2022","RELATOR GERAL","0311","Nacional","Saúde","Tecnologia da informação",5102669,0,0,"69","202281000311"
"2020","RELATOR GERAL","0267","Norte","Saneamento","Saneamento básico urbano",5118093,5118043,5118043,"362","202081000267"
"2020","RELATOR GERAL","1481","Nacional","Urbanismo","Transportes coletivos urbanos",5233823.24,4826640.48,4428764.85,"393","202081001481"
"2020","RELATOR GERAL","0190","Nacional","Organização agrária","Ordenamento territorial",5669119.12,5557994.24,5557994.24,"243","202081000190"
"2020","RELATOR GERAL","0304","Nacional","Cultura","Difusão cultural",5673935.32,5330613.13,5330613.13,"215","202081000304"
"2020","RELATOR GERAL","0186","Nacional","Organização agrária","Ensino profissional",5718201.8,550819.23,550819.23,"275","202081000186"
"2020","RELATOR GERAL","0262","Nordeste","Saneamento","Saneamento básico urbano",5763165,5763165,5763165,"387","202081000262"
"2020","RELATOR GERAL","1569","Nacional","Transporte","Transporte rodoviário",5800634,0,0,"310","202081001569"
"2022","RELATOR GERAL","0288","Nacional","Organização agrária","Ordenamento territorial",6e+06,6e+06,6e+06,"427","202281000288"
"2020","RELATOR GERAL","0209","Nacional","Saúde","Saneamento básico rural",6200982,0,0,"103","202081000209"
"2020","RELATOR GERAL","0182","Nacional","Agricultura","Promoção da produção agropecuária",6299943.5,3748850.71,3723047.31,"42","202081000182"
"2020","RELATOR GERAL","0207","Nacional","Saúde","Saneamento básico urbano",6386018,0,0,"88","202081000207"
"2020","RELATOR GERAL","0205","Nacional","Saúde","Saneamento básico rural",6413000,0,0,"403","202081000205"
"2020","RELATOR GERAL","1575","Nacional","Gestão ambiental","Preservação e conservação ambiental",6475064,4814532.07,4791099.71,"381","202081001575"
"2020","RELATOR GERAL","0308","Nacional","Cultura","Difusão cultural",6509994,1525494,1455494,"81","202081000308"
"2020","RELATOR GERAL","0245","Nacional","Segurança pública","Defesa civil",6713305.17,1111059.89,1111059.89,"138","202081000245"
"2020","RELATOR GERAL","0297","Nacional","Assistência social","Assistência comunitária",6758966.94,2544471.4,2326603.18,"416","202081000297"
"2020","RELATOR GERAL","1612","Nacional","Administração","Normatização e fiscalização",6890067.72,0,0,"192","202081001612"
"2020","RELATOR GERAL","1590","Nacional","Cultura","Difusão cultural",6963256.73,5886298.53,5861046.82,"141","202081001590"
"2020","RELATOR GERAL","1510","MARANHÃO","Transporte","Transporte rodoviário",6997192.25,6997192.25,6997192.25,"337","202081001510"
"2020","RELATOR GERAL","0263","Sudeste","Saneamento","Saneamento básico urbano",7226465,7226465,7226465,"116","202081000263"
"2020","RELATOR GERAL","1562","Nacional","Educação","Educação de jovens e adultos",7595982.97,0,0,"318","202081001562"
"2020","RELATOR GERAL","0222","Nacional","Saúde","Suporte profilático e terapêutico",7646052,7646052,7646052,"395","202081000222"
"2020","RELATOR GERAL","1490","PERNAMBUCO","Agricultura","Irrigação",8142967.79,3974422.5,3924468.67,"137","202081001490"
"2020","RELATOR GERAL","1512","RIO GRANDE DO SUL","Transporte","Transporte rodoviário",8160149,0,0,"280","202081001512"
"2020","RELATOR GERAL","0271","Centro-Oeste","Saneamento","Saneamento básico urbano",8340604,8340604,8340604,"1","202081000271"
"2020","RELATOR GERAL","0259","Nacional","Gestão ambiental","Recursos hídricos",8506459.52,2160564.51,2160564.51,"386","202081000259"
"2020","RELATOR GERAL","1558","Nacional","Educação","Educação básica",8566022.64,1525991.75,1214080.89,"330","202081001558"
"2020","RELATOR GERAL","1559","Nacional","Educação","Educação básica",8774627.4,3043128.58,3043128.58,"302","202081001559"
"2021","RELATOR GERAL","0662","Nacional","Organização agrária","Ordenamento territorial",8935178.63,1620664.86,1597582.83,"37","202181000662"
"2020","RELATOR GERAL","1611","Nacional","Indústria","Administração geral",8953402.08,627969.44,627969.44,"63","202081001611"
"2020","RELATOR GERAL","1572","Nacional","Transporte","Planejamento e orçamento",8958065,8958065,8958065,"22","202081001572"
"2020","RELATOR GERAL","0240","Nacional","Transporte","Transporte rodoviário",8990236,0,0,"432","202081000240"
"2020","RELATOR GERAL","0292","Nacional","Desporto e lazer","Desporto de rendimento",9e+06,1168090.89,1168090.89,"299","202081000292"
"2020","RELATOR GERAL","0247","Nacional","Saneamento","Saneamento básico urbano",9283358.41,9283358.41,9283358.41,"110","202081000247"
"2020","RELATOR GERAL","0260","Nacional","Saneamento","Saneamento básico urbano",9283359,9283359,9283359,"54","202081000260"
"2020","RELATOR GERAL","0266","Nacional","Saneamento","Saneamento básico urbano",9283359,9283359,9283359,"52","202081000266"
"2020","RELATOR GERAL","0203","Nacional","Saúde","Suporte profilático e terapêutico",9330000,6088713.87,6078884.45,"148","202081000203"
"2020","RELATOR GERAL","1475","Nacional","Defesa nacional","Defesa aérea",9383273.56,923759.51,695663.76,"8","202081001475"
"2020","RELATOR GERAL","0269","Sudeste","Saneamento","Saneamento básico urbano",9567576,9567576,9567576,"235","202081000269"
"2020","RELATOR GERAL","1487","Nacional","Urbanismo","infra-estrutura urbana",9690801,0,0,"130","202081001487"
"2020","RELATOR GERAL","1454","Nacional","Organização agrária","Reforma agrária",9755537.95,0,0,"142","202081001454"
"2022","RELATOR GERAL","0305","Nacional","Assistência social","Alimentação e nutrição",9886100,0,0,"400","202281000305"
"2020","RELATOR GERAL","1613","Nacional","Cultura","Difusão cultural",9962170.66,0,0,"322","202081001613"
"2020","RELATOR GERAL","0245","Nacional","Urbanismo","infra-estrutura urbana",9980000,0,0,"202","202081000245"
"2020","RELATOR GERAL","1626","Nacional","Assistência social","Alimentação e nutrição",1e+07,1790717.32,0,"194","202081001626"
"2020","RELATOR GERAL","1479","RIO GRANDE DO SUL","Urbanismo","Transportes coletivos urbanos",1e+07,0,0,"181","202081001479"
"2020","RELATOR GERAL","0293","Nacional","Desporto e lazer","Desporto comunitário",1e+07,9197723.97,9197723.97,"364","202081000293"
"2020","RELATOR GERAL","1506","MINAS GERAIS","Educação","Assistência hospitalar e ambulatorial",1e+07,0,0,"224","202081001506"
"2020","RELATOR GERAL","0208","Nacional","Saúde","Saneamento básico urbano",1e+07,0,0,"67","202081000208"
"2021","RELATOR GERAL","0739","TIMON","Urbanismo","infra-estrutura urbana",1e+07,0,0,"405","202181000739"
"2020","RELATOR GERAL","0392","Nacional","Educação","Educação infantil",1e+07,9586456.22,9586456.22,"226","202081000392"
"2020","RELATOR GERAL","0254","Nacional","Habitação","infra-estrutura urbana",1e+07,0,0,"156","202081000254"
"2020","RELATOR GERAL","0310","Nacional","Cultura","Difusão cultural",10084155.67,6605715.91,6461061.95,"220","202081000310"
"2020","RELATOR GERAL","1554","Nacional","Organização agrária","Extensão rural",10201814.06,0,0,"380","202081001554"
"2020","RELATOR GERAL","0311","Nacional","Cultura","Patrimônio histórico, artístico e arqueológico",10356630.53,4865967.82,4078809.01,"94","202081000311"
"2020","RELATOR GERAL","1595","Nacional","Direitos da cidadania","Direitos individuais, coletivos e difusos",10426917.99,2044340.29,1975336.38,"254","202081001595"
"2020","RELATOR GERAL","0214","Nacional","Saúde","Suporte profilático e terapêutico",10701464,4276882.63,3600724.12,"217","202081000214"
"2020","RELATOR GERAL","1547","Nacional","Agricultura","Meteorologia",10777722.37,9319633.07,9301815.55,"47","202081001547"
"2020","RELATOR GERAL","0241","Nacional","Gestão ambiental","Controle ambiental",11038587.2,7243886.03,7224146.6,"378","202081000241"
"2020","RELATOR GERAL","1436","Nacional","Previdência social","Informação e inteligência",11179024.61,4099348.33,4099348.33,"12","202081001436"
"2020","RELATOR GERAL","0230","Nacional","Transporte","Transporte ferroviário",11259643,6593459.92,6537029.16,"18","202081000230"
"2020","RELATOR GERAL","0272","Nacional","Saneamento","Saneamento básico urbano",11464053,11464052.23,11463888.67,"392","202081000272"
"2022","RELATOR GERAL","0287","Nacional","Organização agrária","Reforma agrária",11508773.38,0,0,"347","202281000287"
"2020","RELATOR GERAL","1480","Nacional","Saneamento","Saneamento básico urbano",11825882,10825882,10825882,"210","202081001480"
"2020","RELATOR GERAL","1466","Nacional","Saúde","Vigilância epidemiológica ",11952520.76,8824946.19,8656484.2,"323","202081001466"
"2020","RELATOR GERAL","1465","Nacional","Saúde","Desenvolvimento científico",11952772.7,11201204.78,10651673.47,"293","202081001465"
"2020","RELATOR GERAL","0179","Nacional","Defesa nacional","Defesa aérea",1.2e+07,0,0,"346","202081000179"
"2020","RELATOR GERAL","1511","RIO GRANDE DO SUL","Transporte","Transporte rodoviário",12240223,9259976.62,9259976.62,"325","202081001511"
"2020","RELATOR GERAL","0388","Nacional","Educação","Educação infantil",12325449.51,11646334.76,11646334.76,"41","202081000388"
"2020","RELATOR GERAL","0284","Nacional","Habitação","infra-estrutura urbana",12500000,1552267.02,1552267.02,"260","202081000284"
"2021","RELATOR GERAL","0741","Nacional","Gestão ambiental","Recursos hídricos",12500000,0,0,"227","202181000741"
"2020","RELATOR GERAL","1513","Nacional","Defesa nacional","Defesa aérea",12945238,12813212.14,12813212.14,"136","202081001513"
"2020","RELATOR GERAL","0276","Sul","Saneamento","Saneamento básico urbano",12993239,12992989,12766470.54,"10","202081000276"
"2020","RELATOR GERAL","1624","Nacional","Organização agrária","Extensão rural",1.3e+07,1.3e+07,1.3e+07,"360","202081001624"
"2020","RELATOR GERAL","1617","Nacional","Administração","Planejamento e orçamento",13390026.91,4967806.17,4967806.17,"162","202081001617"
"2020","RELATOR GERAL","1562","Nacional","Educação","Educação infantil",13500000,12743195.39,12743195.39,"203","202081001562"
"2020","RELATOR GERAL","1480","Nacional","Segurança pública","Defesa civil",13581628.88,12329152.65,12144896.74,"282","202081001480"
"2020","RELATOR GERAL","0181","Nacional","Agricultura","Extensão rural",13869298.61,2546155.76,1368627.3,"176","202081000181"
"2020","RELATOR GERAL","0198","Nacional","Segurança pública","Policiamento",1.4e+07,0,0,"261","202081000198"
"2020","RELATOR GERAL","0382","Nacional","Educação","Ensino profissional",14045940.23,5017309.31,4979517.26,"396","202081000382"
"2020","RELATOR GERAL","0226","Nacional","Transporte","Transporte rodoviário",14059613,0,0,"89","202081000226"
"2020","RELATOR GERAL","0249","Nacional","Saneamento","Saneamento básico urbano",14061625.9,14061625.9,14061625.9,"242","202081000249"
"2020","RELATOR GERAL","1609","Nacional","Direitos da cidadania","Direitos individuais, coletivos e difusos",14206209.94,0,0,"426","202081001609"
"2021","RELATOR GERAL","0660","Nacional","Organização agrária","Ordenamento territorial",14376055.99,1030922.65,1015922.65,"264","202181000660"
"2020","RELATOR GERAL","0257","Nacional","Gestão ambiental","Recursos hídricos",14517888,0,0,"115","202081000257"
"2020","RELATOR GERAL","1522","MINAS GERAIS","Transporte","Transporte rodoviário",14531189.28,0,0,"32","202081001522"
"2022","RELATOR GERAL","0296","ALAGOAS","Gestão ambiental","Recursos hídricos",14929632.44,3551037.42,2704524.95,"100","202281000296"
"2020","RELATOR GERAL","1560","Nacional","Educação","Ensino profissional",14951504,10207111.37,9908671.03,"48","202081001560"
"2020","RELATOR GERAL","1597","Nacional","Direitos da cidadania","Direitos individuais, coletivos e difusos",14972436.65,5931204.35,5903079.79,"79","202081001597"
"2020","RELATOR GERAL","1619","PARAÍBA","Transporte","Transporte rodoviário",14999471.25,283678.21,249825.86,"152","202081001619"
"2020","RELATOR GERAL","0183","Nacional","Agricultura","Meteorologia",15208154.38,14949441.01,14945494.14,"241","202081000183"
"2020","RELATOR GERAL","0273","Nacional","Saneamento","Saneamento básico urbano",15358484,15358484,15358484,"304","202081000273"
"2020","RELATOR GERAL","1453","Nacional","Agricultura","Normatização e fiscalização",15918103.62,6925588.4,6819761.91,"83","202081001453"
"2020","RELATOR GERAL","1567","Nacional","Saúde","Atenção básica",15935370,15935370,15935370,"133","202081001567"
"2020","RELATOR GERAL","0193","Nacional","Comunicações","Desenvolvimento tecnológico e engenharia",1.6e+07,15650751.5,15650751.5,"19","202081000193"
"2020","RELATOR GERAL","1480","Nacional","Urbanismo","Transportes coletivos urbanos",1.6e+07,0,0,"411","202081001480"
"2020","RELATOR GERAL","0252","Nacional","Gestão ambiental","Preservação e conservação ambiental",16303319.63,0,0,"406","202081000252"
"2020","RELATOR GERAL","1594","Nacional","Cultura","Difusão cultural",16309024.94,11698817.1,11679442.85,"294","202081001594"
"2020","RELATOR GERAL","1491","Nacional","Gestão ambiental","Recursos hídricos",16320297,0,0,"114","202081001491"
"2020","RELATOR GERAL","1468","Nacional","Saúde","Saneamento básico urbano",16492464,6171424.02,6171424.02,"410","202081001468"
"2020","RELATOR GERAL","0277","Centro-Oeste","Saneamento","Saneamento básico urbano",16527612.95,16527612.74,14675826.74,"127","202081000277"
"2020","RELATOR GERAL","0192","Nacional","Agricultura","Difusão do conhecimento científico e tecnológico",16593797.09,13398310.6,13310086.36,"417","202081000192"
"2020","RELATOR GERAL","0248","Nordeste","Saneamento","Saneamento básico urbano",16627104.84,16627104.84,16627104.84,"288","202081000248"
"2022","RELATOR GERAL","0309","ALAGOAS","Gestão ambiental","Recursos hídricos",1.7e+07,0,0,"384","202281000309"
"2020","RELATOR GERAL","1503","Nordeste","Transporte","Transporte rodoviário",1.7e+07,7178930.9,7178930.9,"204","202081001503"
"2020","RELATOR GERAL","0212","Nacional","Saúde","Saneamento básico rural",17500000,2684113.31,2684113.31,"270","202081000212"
"2020","RELATOR GERAL","1432","Nacional","Urbanismo","Assistência comunitária",18489000,72165.6,72165.6,"377","202081001432"
"2020","RELATOR GERAL","1555","Nacional","Agricultura","Desenvolvimento tecnológico e engenharia",18577043.79,6505653.87,6245817.64,"17","202081001555"
"2020","RELATOR GERAL","0300","Nacional","Assistência social","Assistência comunitária",18956245,0,0,"186","202081000300"
"2020","RELATOR GERAL","0250","Sul","Saneamento","Saneamento básico urbano",19351020,19351020,19351020,"55","202081000250"
"2020","RELATOR GERAL","1608","Nacional","Direitos da cidadania","Direitos individuais, coletivos e difusos",19727820.8,6940510.45,6891132.45,"214","202081001608"
"2020","RELATOR GERAL","1435","Nacional","Previdência social","Previdência básica",2e+07,2e+07,2e+07,"92","202081001435"
"2020","RELATOR GERAL","1615","MINAS GERAIS","Transporte","Transporte rodoviário",2e+07,2e+07,2e+07,"150","202081001615"
"2020","RELATOR GERAL","1614","MATO GROSSO","Transporte","Transporte rodoviário",2e+07,17412667.04,17412667.04,"298","202081001614"
"2020","RELATOR GERAL","1469","Nacional","Saúde","Saneamento básico rural",2e+07,0,0,"143","202081001469"
"2020","RELATOR GERAL","1434","Nacional","Previdência social","Tecnologia da informação",2e+07,2e+07,2e+07,"311","202081001434"
"2020","RELATOR GERAL","1464","Nacional","Segurança pública","Policiamento",20118843.2,116256.2,99376.64,"290","202081001464"
"2020","RELATOR GERAL","1463","Nacional","Segurança pública","Policiamento",20397938.29,539912.31,539912.31,"305","202081001463"
"2020","RELATOR GERAL","1488","Nordeste","Gestão ambiental","Recursos hídricos",20400371,20400367.58,20400367.58,"189","202081001488"
"2020","RELATOR GERAL","1483","Nacional","Encargos especiais","Outros encargos especiais",20400371,20400371,20400371,"354","202081001483"
"2020","RELATOR GERAL","1484","Nacional","Encargos especiais","Outros encargos especiais",20400371,20400371,20400371,"218","202081001484"
"2020","RELATOR GERAL","1460","Nacional","Ciência e Tecnologia","Desenvolvimento científico",20400371,20400371,20400371,"399","202081001460"
"2020","RELATOR GERAL","1485","Nacional","Encargos especiais","Outras transferências",20400371,20400371,20400371,"78","202081001485"
"2020","RELATOR GERAL","1457","SANTA CATARINA","Ciência e Tecnologia","Desenvolvimento científico",20400371,20400371,20400371,"238","202081001457"
"2020","RELATOR GERAL","0184","Nacional","Organização agrária","Extensão rural",20954402.76,10304765.76,10304765.76,"359","202081000184"
"2021","RELATOR GERAL","0662","Nacional","Organização agrária","Reforma agrária",21182086.31,0,0,"7","202181000662"
"2021","RELATOR GERAL","0660","Nacional","Organização agrária","Reforma agrária",21670000,0,0,"358","202181000660"
"2020","RELATOR GERAL","0217","Nacional","Saúde","Suporte profilático e terapêutico",22535066.83,7415540,7415540,"140","202081000217"
"2020","RELATOR GERAL","0225","Nacional","Saúde","Administração geral",22674028.68,15038028.68,15038028.68,"324","202081000225"
"2020","RELATOR GERAL","1470","Nacional","Saúde","Saneamento básico urbano",22760560,232541.43,232541.43,"239","202081001470"
"2021","RELATOR GERAL","0788","Nacional","Assistência social","Alimentação e nutrição",23120565.01,0,0,"66","202181000788"
"2021","RELATOR GERAL","0745","Nacional","Urbanismo","Assistência comunitária",23221530,0,0,"230","202181000745"
"2020","RELATOR GERAL","0268","Nordeste","Saneamento","Saneamento básico urbano",23537700,23537599.16,23537428.77,"24","202081000268"
"2020","RELATOR GERAL","1517","Nacional","Saúde","Desenvolvimento tecnológico e engenharia",23905595,5075962.6,4412147.89,"21","202081001517"
"2020","RELATOR GERAL","1467","Nacional","Saúde","Saneamento básico rural",2.4e+07,0,0,"321","202081001467"
"2022","RELATOR GERAL","0292","Nacional","Saúde","Assistência hospitalar e ambulatorial",24636919,3136742,3136742,"153","202281000292"
"2020","RELATOR GERAL","0281","Nacional","Gestão ambiental","Recursos hídricos",24798603.75,15443939.23,15425435.78,"28","202081000281"
"2020","RELATOR GERAL","1618","Nacional","Educação","Educação básica",24999489.78,0,0,"50","202081001618"
"2021","RELATOR GERAL","0672","Nacional","Previdência social","Tecnologia da informação",2.5e+07,17403257.64,17403257.64,"46","202181000672"
"2020","RELATOR GERAL","0275","Sudeste","Saneamento","Saneamento básico urbano",25876789,25876639,25876639,"326","202081000275"
"2020","RELATOR GERAL","0256","Nacional","Gestão ambiental","Recursos hídricos",26822320,0,0,"401","202081000256"
"2021","RELATOR GERAL","0741","Nacional","Urbanismo","infra-estrutura urbana",27549750.24,0,0,"169","202181000741"
"2020","RELATOR GERAL","1573","Nacional","Transporte","Administração geral",27582677,6919559.85,6919559.85,"164","202081001573"
"2020","RELATOR GERAL","0201","Nacional","Segurança pública","Direitos individuais, coletivos e difusos",28622205.55,5800506.27,5685463.11,"129","202081000201"
"2020","RELATOR GERAL","1559","Nacional","Educação","Ensino superior",28762257,0,0,"197","202081001559"
"2020","RELATOR GERAL","0258","Nacional","Gestão ambiental","Recursos hídricos",28790675.35,22485642.35,15913996.58,"273","202081000258"
"2020","RELATOR GERAL","0242","Nacional","Gestão ambiental","Controle ambiental",29512626.23,23564198.74,21770733.12,"335","202081000242"
"2020","RELATOR GERAL","0237","Nacional","Transporte","Transporte hidroviário",29586852,4632002.61,4632002.61,"15","202081000237"
"2020","RELATOR GERAL","1433","Nacional","Educação","Educação básica",3e+07,7413011.91,7413011.91,"276","202081001433"
"2020","RELATOR GERAL","1546","Nacional","Direitos da cidadania","Direitos individuais, coletivos e difusos",30340943.74,28365550.78,28365550.78,"173","202081001546"
"2020","RELATOR GERAL","0319","Nacional","Direitos da cidadania","Direitos individuais, coletivos e difusos",30457636.47,21914069.61,19337581.43,"196","202081000319"
"2020","RELATOR GERAL","0321","Nacional","Direitos da cidadania","Direitos individuais, coletivos e difusos",30654101.58,23613403.01,23399053.23,"425","202081000321"
"2020","RELATOR GERAL","1437","Nacional","Defesa nacional","Defesa terrestre",30762530.14,3158439.6,2745200.01,"75","202081001437"
"2020","RELATOR GERAL","0238","Nacional","Transporte","Planejamento e orçamento",30787723,3430756.65,3430756.65,"33","202081000238"
"2020","RELATOR GERAL","0315","Nacional","Cultura","Difusão cultural",31184818.27,29336324.17,29294274.62,"278","202081000315"
"2020","RELATOR GERAL","0194","Nacional","Segurança pública","Policiamento",31410321.2,1381600.26,1307779.45,"252","202081000194"
"2021","RELATOR GERAL","0685","Nacional","Saúde","Saneamento básico urbano",31935427,0,0,"248","202181000685"
"2020","RELATOR GERAL","0383","Nacional","Educação","Assistência hospitalar e ambulatorial",33006503.76,9617296.27,4092519.99,"408","202081000383"
"2020","RELATOR GERAL","1558","Nacional","Educação","Ensino profissional",33270525.09,387258.82,0,"228","202081001558"
"2020","RELATOR GERAL","0249","Sudeste","Saneamento","Saneamento básico urbano",33753674.24,33753674.24,33753674.24,"120","202081000249"
"2020","RELATOR GERAL","0294","Nacional","Desporto e lazer","Desporto comunitário",34193845,154200,154200,"367","202081000294"
"2022","RELATOR GERAL","0294","Nacional","Urbanismo","infra-estrutura urbana",34300165,0,0,"111","202281000294"
"2020","RELATOR GERAL","1469","Nacional","Saúde","Saneamento básico urbano",34658857.54,0,0,"240","202081001469"
"2020","RELATOR GERAL","0232","Nacional","Transporte","Administração geral",34719946.96,24651490.88,24352480.68,"206","202081000232"
"2021","RELATOR GERAL","0782","Nacional","Habitação","Habitação urbana",3.5e+07,0,0,"334","202181000782"
"2021","RELATOR GERAL","0755","Nacional","Gestão ambiental","Recursos hídricos",35358349.9,0,0,"205","202181000755"
"2020","RELATOR GERAL","0219","Nacional","Saúde","Atenção básica",35740928,35740928,35740928,"333","202081000219"
"2020","RELATOR GERAL","0313","Nacional","Cultura","Patrimônio histórico, artístico e arqueológico",37075856.46,17978329.9,16494907.26,"312","202081000313"
"2020","RELATOR GERAL","0280","Nacional","Saneamento","Saneamento básico urbano",37168700.16,4086532.01,3912669.85,"25","202081000280"
"2020","RELATOR GERAL","0390","Nacional","Educação","Ensino profissional",37477319.49,25563731.71,24561274.32,"398","202081000390"
"2020","RELATOR GERAL","1479","Nacional","Urbanismo","infra-estrutura urbana",38333510.57,0,0,"420","202081001479"
"2020","RELATOR GERAL","0236","Nacional","Transporte","Administração geral",38470234,33661170.15,33661170.15,"195","202081000236"
"2020","RELATOR GERAL","1478","Nacional","Agricultura","Promoção da produção agropecuária",38794552.78,230004,92459,"363","202081001478"
"2020","RELATOR GERAL","1479","Nordeste","Gestão ambiental","Recursos hídricos",4e+07,4e+07,4e+07,"361","202081001479"
"2020","RELATOR GERAL","1507","Nacional","Defesa nacional","Defesa naval",40774965.38,28486533.16,28172685.69,"315","202081001507"
"2020","RELATOR GERAL","1499","Nacional","Assistência social","Assistência comunitária",40799505.14,40799505.14,40799505.14,"27","202081001499"
"2020","RELATOR GERAL","0211","Nacional","Saúde","Saneamento básico rural",41595148.91,717554.98,717554.98,"31","202081000211"
"2020","RELATOR GERAL","0197","Nacional","Direitos da cidadania","Direitos individuais, coletivos e difusos",41778266.1,32579193.83,32337747.28,"199","202081000197"
"2020","RELATOR GERAL","0195","Nacional","Segurança pública","Administração geral",42691642.98,7735916.53,6076609,"144","202081000195"
"2020","RELATOR GERAL","1579","Nacional","Urbanismo","Transportes coletivos urbanos",43413389.57,37828330.06,37577967.38,"58","202081001579"
"2020","RELATOR GERAL","1496","Nacional","Desporto e lazer","Desporto comunitário",43734623,418980,418980,"345","202081001496"
"2020","RELATOR GERAL","1436","Nacional","Previdência social","Tecnologia da informação",43820975,15985035.18,15985035.18,"375","202081001436"
"2020","RELATOR GERAL","1502","Nacional","Educação","Ensino superior",47811189,47811189,47811189,"402","202081001502"
"2020","RELATOR GERAL","0210","Nacional","Saúde","Saneamento básico urbano",4.8e+07,13063433.3,13063433.3,"187","202081000210"
"2021","RELATOR GERAL","0661","Nacional","Organização agrária","Reforma agrária",48908192.18,6685131.94,6187437.81,"279","202181000661"
"2020","RELATOR GERAL","0385","Nacional","Educação","Educação básica",49106216.31,25926273.1,23542384.6,"35","202081000385"
"2022","RELATOR GERAL","0296","Nacional","Comércio e serviços","Turismo",49777897,45500,45500,"256","202281000296"
"2022","RELATOR GERAL","0301","Nacional","Educação","Assistência hospitalar e ambulatorial",5e+07,44575946.44,44575946.44,"163","202281000301"
"2022","RELATOR GERAL","0300","Nacional","Urbanismo","infra-estrutura urbana",50078800.04,258971.51,257596.61,"314","202281000300"
"2020","RELATOR GERAL","1467","Nacional","Saúde","Saneamento básico urbano",52661025.95,11461650.93,11461650.93,"159","202081001467"
"2020","RELATOR GERAL","1480","Nacional","Gestão ambiental","Recursos hídricos",55196877,0,0,"251","202081001480"
"2020","RELATOR GERAL","1504","Nacional","Educação","Educação básica",55880896,764661.65,764661.65,"269","202081001504"
"2020","RELATOR GERAL","0383","Nacional","Educação","Ensino superior",55969662.37,12562752.79,10390110.15,"415","202081000383"
"2020","RELATOR GERAL","0246","Nacional","Segurança pública","Defesa civil",56583800,32104957.41,32104957.41,"272","202081000246"
"2022","RELATOR GERAL","0286","Nacional","Agricultura","Promoção da produção agropecuária",57008712.46,8780196.28,8715357.78,"124","202281000286"
"2021","RELATOR GERAL","0684","Nacional","Saúde","Saneamento básico urbano",57750000,4708079.27,4708079.27,"4","202181000684"
"2020","RELATOR GERAL","1479","Nacional","Saneamento","Saneamento básico urbano",59999999.49,59999999.19,59900539.28,"5","202081001479"
"2021","RELATOR GERAL","0784","Nacional","Desporto e lazer","Desporto comunitário",60231351.39,19064033.98,19064033.98,"287","202181000784"
"2020","RELATOR GERAL","0274","Nordeste","Saneamento","Saneamento básico urbano",60311189,60311189,60311189,"357","202081000274"
"2020","RELATOR GERAL","0233","Nacional","Transporte","Transporte rodoviário",61058647,55253358.32,55253358.32,"174","202081000233"
"2020","RELATOR GERAL","1489","CEARÁ","Gestão ambiental","Recursos hídricos",61201115,61201115,27852407.24,"331","202081001489"
"2021","RELATOR GERAL","0782","Nacional","Urbanismo","Assistência comunitária",61660243.52,0,0,"216","202181000782"
"2020","RELATOR GERAL","1568","Nacional","Saúde","Assistência hospitalar e ambulatorial",61956913.53,33322615.98,25642761.1,"157","202081001568"
"2020","RELATOR GERAL","0298","Nacional","Direitos da cidadania","Direitos individuais, coletivos e difusos",62916347.26,55109422.47,55090627.72,"300","202081000298"
"2021","RELATOR GERAL","0755","Nacional","Urbanismo","Assistência comunitária",62929820,0,0,"352","202181000755"
"2020","RELATOR GERAL","1471","Nacional","Saúde","Saneamento básico rural",63584616,5532228.58,5532228.58,"390","202081001471"
"2020","RELATOR GERAL","0239","Nacional","Transporte","Transporte rodoviário",6.4e+07,52927154.42,52927154.42,"45","202081000239"
"2020","RELATOR GERAL","0291","Nacional","Desporto e lazer","Desporto comunitário",64883186.7,6389561.79,5249403.55,"178","202081000291"
"2020","RELATOR GERAL","1503","Nacional","Educação","Educação infantil",6.5e+07,34806930.3,34806930.3,"397","202081001503"
"2020","RELATOR GERAL","1542","Nacional","Desporto e lazer","Desporto comunitário",7e+07,585000,585000,"135","202081001542"
"2021","RELATOR GERAL","0611","Nacional","Saúde","Assistência hospitalar e ambulatorial",74017569,47993498,47993498,"76","202181000611"
"2021","RELATOR GERAL","0791","Nacional","Agricultura","Promoção da produção agropecuária",74845410.91,219090,67916.27,"285","202181000791"
"2020","RELATOR GERAL","0224","Nacional","Saúde","Administração geral",76435858.69,34159373.68,32274390.25,"90","202081000224"
"2020","RELATOR GERAL","0198","Nacional","Direitos da cidadania","Direitos individuais, coletivos e difusos",77072898.51,22931959.56,22911925.37,"338","202081000198"
"2020","RELATOR GERAL","0189","Nacional","Urbanismo","Assistência comunitária",79363849.72,0,0,"389","202081000189"
"2020","RELATOR GERAL","0202","Nacional","Saúde","Suporte profilático e terapêutico",8e+07,66068159.19,61974212.11,"149","202081000202"
"2020","RELATOR GERAL","1498","Nacional","Assistência social","Assistência comunitária",81601485.26,81601485.26,81601485.26,"291","202081001498"
"2022","RELATOR GERAL","0314","Nacional","Defesa nacional","Assistência comunitária",81880184.98,1902123.96,1898482.59,"257","202281000314"
"2020","RELATOR GERAL","0191","Nacional","Agricultura","Desenvolvimento tecnológico e engenharia",82909149.68,60493106.61,59838568.38,"154","202081000191"
"2020","RELATOR GERAL","0240","Nacional","Transporte","Serviços urbanos",83019214.32,72064330.33,72064330.33,"123","202081000240"
"2020","RELATOR GERAL","0255","Nacional","Gestão ambiental","Recursos hídricos",85024285,25799657.84,25799657.84,"39","202081000255"
"2020","RELATOR GERAL","0239","Nacional","Transporte","Transporte aéreo",88877249.69,31831516.29,30812141.52,"132","202081000239"
"2020","RELATOR GERAL","0221","Nacional","Saúde","Atenção básica",89094260.21,29450475.29,29450475.29,"71","202081000221"
"2021","RELATOR GERAL","0739","Nacional","Urbanismo","Assistência comunitária",92049978.73,0,0,"112","202181000739"
"2021","RELATOR GERAL","0799","Nacional","Urbanismo","infra-estrutura urbana",95036293.24,24956,24956,"372","202181000799"
"2020","RELATOR GERAL","1500","Nacional","Assistência social","Assistência comunitária",95628550,62226300,61608550,"296","202081001500"
"2020","RELATOR GERAL","1523","Nacional","Defesa nacional","Assistência comunitária",9.6e+07,0,0,"29","202081001523"
"2022","RELATOR GERAL","0304","Nacional","Desporto e lazer","Desporto comunitário",97833971.41,35840087.49,35840087.49,"221","202281000304"
"2020","RELATOR GERAL","0248","Nordeste","Urbanismo","Assistência comunitária",98556220.28,0,0,"68","202081000248"
"2020","RELATOR GERAL","1515","Nacional","Defesa nacional","Assistência comunitária",101388022.69,1245263.23,1245263.23,"271","202081001515"
"2022","RELATOR GERAL","0313","Nacional","Desporto e lazer","Desporto comunitário",104146175,147000,147000,"404","202281000313"
"2020","RELATOR GERAL","0243","Nacional","Gestão ambiental","Preservação e conservação ambiental",104254800.68,90056920.12,89325239.77,"64","202081000243"
"2020","RELATOR GERAL","0282","RIO GRANDE DO SUL","Urbanismo","Transportes coletivos urbanos",104659979.19,34469100.01,32578421.83,"80","202081000282"
"2021","RELATOR GERAL","0687","Nacional","Saúde","Assistência hospitalar e ambulatorial",105564123,37299828,37299828,"409","202181000687"
"2020","RELATOR GERAL","1487","Nacional","Gestão ambiental","Recursos hídricos",107936741,8269795.84,8269795.84,"225","202081001487"
"2021","RELATOR GERAL","0688","Nacional","Saúde","Atenção básica",110283104,36477366,36477366,"99","202181000688"
"2020","RELATOR GERAL","0204","Nacional","Saúde","Formação de recursos humanos",110551200.27,105112126.72,103909955.97,"351","202081000204"
"2020","RELATOR GERAL","0253","Nordeste","Gestão ambiental","Recursos hídricos",111741745,92371826.64,92371026.79,"266","202081000253"
"2020","RELATOR GERAL","0218","Nacional","Saúde","Atenção básica",114091172.35,44668395.69,41446628.37,"104","202081000218"
"2021","RELATOR GERAL","0674","Nacional","Previdência social","Previdência básica",1.15e+08,92294218.67,92294218.67,"190","202181000674"
"2020","RELATOR GERAL","1540","Nacional","Assistência social","Assistência à criança e ao adolescente",116645553,67914464.84,67914464.84,"259","202081001540"
"2022","RELATOR GERAL","0293","Nacional","Saúde","Atenção básica",124217135,70617946,70617946,"20","202281000293"
"2022","RELATOR GERAL","0308","Nacional","Educação","Educação básica",125152825.2,11304862.35,11304862.35,"365","202281000308"
"2020","RELATOR GERAL","0220","Nacional","Saúde","Atenção básica",126158767.85,43731183.44,41081183.44,"274","202081000220"
"2021","RELATOR GERAL","0611","Nacional","Saúde","Atenção básica",127869737,54794926,54794926,"329","202181000611"
"2020","RELATOR GERAL","0253","Nacional","Urbanismo","Assistência comunitária",129931654.83,0,0,"388","202081000253"
"2020","RELATOR GERAL","0253","Nacional","Urbanismo","Transportes coletivos urbanos",134538016.04,124478233.04,124478233.04,"97","202081000253"
"2020","RELATOR GERAL","0254","Nacional","Urbanismo","infra-estrutura urbana",138533723,16031980.98,16031980.98,"307","202081000254"
"2020","RELATOR GERAL","0216","Nacional","Saúde","Assistência hospitalar e ambulatorial",147965110,25362652,25362652,"105","202081000216"
"2020","RELATOR GERAL","1578","Nacional","Encargos especiais","Outras transferências",157615296,157615296,157615296,"382","202081001578"
"2022","RELATOR GERAL","0309","Nacional","Urbanismo","Assistência comunitária",158608207.93,28560050.44,17939136.49,"414","202281000309"
"2022","RELATOR GERAL","0310","Nacional","Urbanismo","Assistência comunitária",170301006.27,10499426.96,10456303.59,"160","202281000310"
"2020","RELATOR GERAL","0235","Nacional","Transporte","Planejamento e orçamento",179734992.71,66757591.31,66757591.31,"308","202081000235"
"2020","RELATOR GERAL","1562","Nacional","Educação","Educação básica",179812737,66894559.45,66894559.45,"198","202081001562"
"2020","RELATOR GERAL","1576","Nacional","Segurança pública","Defesa civil",180199159.03,173033347.57,172167994.19,"23","202081001576"
"2020","RELATOR GERAL","0213","Nacional","Saúde","Assistência hospitalar e ambulatorial",186524742.76,116354560.86,108447201.82,"332","202081000213"
"2020","RELATOR GERAL","0384","Nacional","Educação","Ensino superior",190459991.07,32329586.93,25383625.8,"96","202081000384"
"2020","RELATOR GERAL","0283","Nacional","Urbanismo","Transportes coletivos urbanos",192399318.02,131727324.3,130443820.27,"286","202081000283"
"2020","RELATOR GERAL","1613","Nacional","Urbanismo","Assistência comunitária",196154372.14,0,0,"113","202081001613"
"2021","RELATOR GERAL","0795","Nacional","Urbanismo","Assistência comunitária",198958553.43,177837.39,177837.39,"336","202181000795"
"2021","RELATOR GERAL","0670","Nacional","Previdência social","Administração geral",199927154.97,199999818.4,199999818.4,"356","202181000670"
"2020","RELATOR GERAL","0196","Nacional","Segurança pública","Policiamento",203196943.46,95326961.14,95266910.42,"191","202081000196"
"2020","RELATOR GERAL","0189","Nacional","Organização agrária","Reforma agrária",204716495.16,9177587.15,8766857.74,"328","202081000189"
"2020","RELATOR GERAL","0386","Nacional","Educação","Educação básica",220149999.97,5479.96,5479.96,"394","202081000386"
"2021","RELATOR GERAL","0792","Nacional","Saúde","Atenção básica",237376154,140766972,140766972,"265","202181000792"
"2021","RELATOR GERAL","0785","Nacional","Desporto e lazer","Desporto comunitário",254616828.94,595700,595700,"122","202181000785"
"2020","RELATOR GERAL","0195","Nacional","Segurança pública","Policiamento",258279394.57,170933163.08,170765069.28,"212","202081000195"
"2022","RELATOR GERAL","0296","Nacional","Urbanismo","infra-estrutura urbana",260952501.91,729501.91,729501.91,"70","202281000296"
"2020","RELATOR GERAL","0287","Nacional","Assistência social","Assistência à criança e ao adolescente",274788588.89,257373468.59,257373468.59,"30","202081000287"
"2020","RELATOR GERAL","1487","Nacional","Urbanismo","Assistência comunitária",277481292.08,0,0,"134","202081001487"
"2021","RELATOR GERAL","0789","Nacional","Assistência social","Assistência comunitária",303000839.51,0,0,"258","202181000789"
"2020","RELATOR GERAL","1509","Nacional","Saúde","Assistência hospitalar e ambulatorial",308222829,254793437,95821836,"413","202081001509"
"2020","RELATOR GERAL","1523","Nacional","Transporte","Transporte rodoviário",320126633.55,258373371.13,254887403.76,"44","202081001523"
"2020","RELATOR GERAL","1451","Nacional","Agricultura","Promoção da produção agropecuária",347629489.21,15437384.07,13547601.44,"86","202081001451"
"2020","RELATOR GERAL","0244","Nacional","Segurança pública","Defesa civil",353973529.51,289036819.23,280917004.22,"233","202081000244"
"2021","RELATOR GERAL","0796","Nacional","Defesa nacional","Assistência comunitária",357993689.92,4601585.14,3825881.09,"277","202181000796"
"2020","RELATOR GERAL","1482","Nacional","Encargos especiais","Outras transferências",363603343,363603343,363603343,"313","202081001482"
"2020","RELATOR GERAL","0389","Nacional","Educação","Educação básica",364034352.62,131736959.52,128876568.78,"319","202081000389"
"2020","RELATOR GERAL","1480","Nacional","Urbanismo","infra-estrutura urbana",387763549.54,0,0,"423","202081001480"
"2020","RELATOR GERAL","0215","Nacional","Saúde","Assistência hospitalar e ambulatorial",425645865.5,151476070.6,151122762.09,"158","202081000215"
"2020","RELATOR GERAL","1508","Nacional","Saúde","Atenção básica",463801457,371102492,206750128,"40","202081001508"
"2020","RELATOR GERAL","1503","Nacional","Educação","Educação básica",503575494.2,100749096.71,100749096.71,"246","202081001503"
"2021","RELATOR GERAL","0791","Nacional","Educação","Educação básica",522948209.04,130098410.83,130098410.83,"231","202181000791"
"2020","RELATOR GERAL","1493","Nacional","Comércio e serviços","Turismo",545965019.19,260721.7,260721.7,"237","202081001493"
"2021","RELATOR GERAL","0739","Nacional","Urbanismo","infra-estrutura urbana",552774478.93,48000.95,48000.95,"117","202181000739"
"2020","RELATOR GERAL","0179","Nacional","Agricultura","Promoção da produção agropecuária",589972440.33,2225350.38,165374.39,"65","202081000179"
"2021","RELATOR GERAL","0652","Nacional","Agricultura","Promoção da produção agropecuária",934966866.31,105043351.49,103282987.09,"183","202181000652"
"2022","RELATOR GERAL","0306","Nacional","Assistência social","Assistência comunitária",970429227.55,687325448.29,618845810.07,"284","202281000306"
"2020","RELATOR GERAL","0223","Nacional","Saúde","Formação de recursos humanos",1024473555.67,973193846.15,953258462.84,"9","202081000223"
"2020","RELATOR GERAL","1520","Nacional","Urbanismo","infra-estrutura urbana",1434232240.71,35112796.79,34329142.06,"421","202081001520"
"2022","RELATOR GERAL","0311","Nacional","Saúde","Assistência hospitalar e ambulatorial",2221114508.13,2217737801.13,2217737801.13,"172","202281000311"
"2020","RELATOR GERAL","1480","Nacional","Urbanismo","Assistência comunitária",2242157486.9,34057363.26,33534052.45,"245","202081001480"
"2021","RELATOR GERAL","0740","Nacional","Urbanismo","infra-estrutura urbana",2409793649.99,6763409.92,5326795.97,"93","202181000740"
"2021","RELATOR GERAL","0741","Nacional","Urbanismo","Assistência comunitária",2418098811.71,21424276.34,21374090.25,"267","202181000741"
"2021","RELATOR GERAL","0792","Nacional","Saúde","Assistência hospitalar e ambulatorial",2536002713,1873392114.25,1873392114.25,"376","202181000792"
"2022","RELATOR GERAL","0312","Nacional","Saúde","Atenção básica",3983589464,3975616171,3975616171,"297","202281000312"
"2021","RELATOR GERAL","0794","Nacional","Saúde","Atenção básica",4389182126,3589409822,3589409822,"34","202181000794"
